dd,Column2,Column3,Column4,Column5,Column6,Column7,Column8,Column9,Column10,Column11,Column12,Column13,Column14,Column15,Column16,Column17,Column18,Column19,Column20,Column21,Column22,Column23,Column24,Column25,Column26,Column27,Column28,Column29,Column30,Column31,Column32,Column33,Column34,Column35,Column36,Column37,Column38,Column39,Column40,Column41,Column42,Column43,Column44,Column45,Column46,Column47,Column48,Column49,Column50,Column51,Column52,Column53,Column54,Column55,Column56,Column57,Column58,Column59,Column60,Column61,Column62,Column63,Column64,Column65,Column66,Column67,Column68,Column69,Column70,Column71,Column72,Column73,Column74,Column75,Column76,Column77,Column78,Column79,Column80,Column81,Column82,Column83,Column84,Column85,Column86,Column87,Column88,Column89,Column90,Column91,Column92,Column93,Column94,Column95,Column96,Column97,Column98,Column99,Column100,Column101,Column102,Column103,Column104,Column105,Column106,Column107,Column108,Column109,Column110,Column111,Column112,Column113,Column114,Column115,Column116,Column117,Column118,Column119,Column120,Column121,Column122,Column123,Column124,Column125,Column126,Column127,Column128,Column129,Column130,Column131,Column132,Column133,Column134,Column135,Column136,Column137,Column138,Column139,Column140,Column141,Column142,Column143,Column144,Column145,Column146,Column147,Column148,Column149,Column150,Column151,Column152,Column153,Column154,Column155,Column156,Column157,Column158,Column159,Column160,Column161,Column162,Column163,Column164,Column165,Column166,Column167,Column168,Column169,Column170,Column171,Column172,Column173,Column174,Column175,Column176,Column177,Column178,Column179,Column180,Column181,Column182,Column183,Column184,Column185,Column186,Column187,Column188,Column189,Column190,Column191,Column192,Column193,Column194,Column195,Column196,Column197,Column198,Column199,Column200,Column201,Column202,Column203,Column204,Column205
32,33,32,33,32,33,17,8,33,32,33,32,33,32,33,32,33,32,33,32,33,32,33,32,33,32,33,32,33,32,33,32,33,32,33,32,33,32,33,32,33,32,33,32,33,32,33,32,33,32,33,32,33,32,33,32,33,32,33,32,33,32,33,32,33,32,33,32,33,32,33,32,33,32,33,32,33,32,33,32,33,32,33,32,33,32,33,32,33,32,33,32,33,32,33,32,33,32,33,32,33,32,33,32,33,32,33,32,33,32,33,32,33,32,33,32,33,32,33,32,33,32,33,32,33,32,33,32,33,32,33,32,33,32,33,32,33,32,33,32,33,32,33,32,33,32,33,32,33,32,33,32,33,32,33,32,33,32,33,32,33,32,33,32,33,32,33,32,33,32,33,32,33,32,33,32,33,32,33,32,33,32,33,32,33,32,33,32,33,32,33,32,9,16,32,33,32,33,32,33,,,,,
33,32,33,32,33,32,9,16,32,33,32,33,32,33,32,33,32,33,32,33,32,33,32,33,32,33,32,33,32,33,32,33,32,33,32,33,32,33,32,33,32,33,32,33,32,33,32,33,32,33,32,33,32,33,32,33,32,33,32,33,32,33,32,33,32,33,32,33,32,33,32,33,32,33,32,33,32,33,32,33,32,33,32,33,32,33,32,33,32,33,32,33,32,33,32,33,32,33,32,33,32,33,32,33,32,33,32,33,32,33,32,33,32,33,32,33,32,33,32,33,32,33,32,33,32,33,32,33,32,33,32,33,32,33,32,33,32,33,32,33,32,33,32,33,32,33,32,33,32,33,32,33,32,33,32,33,32,33,32,33,32,33,32,33,32,33,32,33,32,33,32,33,32,33,32,33,32,33,32,33,32,33,32,33,32,33,32,33,32,33,32,33,17,8,33,32,33,32,33,32,,,,,
32,33,32,33,32,33,17,8,33,32,33,32,33,32,33,32,33,32,33,32,33,32,33,32,33,32,33,32,33,32,33,32,33,32,33,32,33,32,33,32,33,32,33,32,33,32,33,32,33,32,33,32,33,32,33,32,33,32,33,32,33,32,33,32,33,32,33,32,33,32,33,32,33,32,33,32,33,32,33,32,33,32,33,32,33,32,33,32,33,32,33,32,33,32,33,32,33,32,33,32,33,32,33,32,33,32,33,32,33,32,33,32,33,32,33,32,33,32,33,32,33,32,33,32,33,32,33,32,33,32,33,32,33,32,33,32,33,32,33,32,33,32,33,32,33,32,33,32,33,32,33,32,33,32,33,32,33,32,33,32,33,32,33,32,33,32,33,32,33,32,33,32,33,32,33,32,33,32,33,32,33,32,33,32,33,32,33,32,33,32,33,32,9,16,32,33,32,33,32,33,,,,,
33,32,33,32,33,32,9,16,32,33,32,33,32,33,32,33,32,33,32,33,32,33,32,33,32,33,32,33,32,33,32,33,32,33,32,33,32,33,32,33,32,33,32,33,32,33,32,33,32,33,32,33,32,33,32,33,32,33,32,33,32,33,32,33,32,33,32,33,32,33,32,33,32,33,32,33,32,33,32,33,32,33,32,33,32,33,32,33,32,33,32,33,32,33,32,33,32,33,32,33,32,33,32,33,32,33,32,33,32,33,32,33,32,33,32,33,32,33,32,33,32,33,32,33,32,33,32,33,32,33,32,33,32,33,32,33,32,33,32,33,32,33,32,33,32,33,32,33,32,33,32,33,32,33,32,33,32,33,32,33,32,33,32,33,32,33,32,33,32,33,32,33,32,33,32,33,32,33,32,33,32,33,32,33,32,33,32,33,32,33,32,33,17,8,33,32,33,32,33,32,,,,,
32,33,32,33,32,33,17,8,33,32,33,32,33,32,33,32,33,32,33,32,33,32,33,32,33,32,33,32,33,32,33,32,33,32,33,32,33,32,33,32,33,32,33,32,33,32,33,32,33,32,33,32,33,32,33,32,33,32,33,32,33,32,33,32,33,32,33,32,33,32,33,32,33,32,33,32,33,32,33,32,33,32,33,32,33,32,33,32,33,32,33,32,33,32,33,32,33,32,33,32,33,32,33,32,33,32,33,32,33,32,33,32,33,32,33,32,33,32,33,32,33,32,33,32,33,32,33,32,33,32,33,32,33,32,33,32,33,32,33,32,33,32,33,32,33,32,33,32,33,32,33,32,33,32,33,32,33,32,33,32,33,32,33,32,33,32,33,32,33,32,33,32,33,32,33,32,33,32,33,32,33,32,33,32,33,32,33,32,33,32,33,32,9,16,32,33,32,33,32,33,,,,,
33,32,33,32,33,32,9,16,32,33,32,33,32,33,32,33,32,33,32,33,32,33,32,33,32,33,32,33,32,33,32,33,32,33,32,33,32,33,32,33,32,33,32,33,32,33,32,33,32,33,32,33,32,33,32,33,32,33,32,33,32,33,32,33,32,33,32,33,32,33,32,33,32,33,32,33,32,33,32,33,32,33,32,33,32,33,32,33,32,33,32,33,32,33,32,33,32,33,32,33,32,33,32,33,32,33,32,33,32,33,32,33,32,33,32,33,32,33,32,33,32,33,32,33,32,33,32,33,32,33,32,33,32,33,32,33,32,33,32,33,32,33,32,33,32,33,32,33,32,33,32,33,32,33,32,33,32,33,32,33,32,33,32,33,32,33,32,33,32,33,32,33,32,33,32,33,32,33,32,33,32,33,32,33,32,33,32,33,32,33,32,33,17,8,33,32,33,32,33,32,,,,,
32,33,32,33,32,33,17,65,16,17,16,17,16,17,16,17,16,17,16,17,16,17,16,17,16,17,16,17,16,17,16,17,16,17,16,17,16,17,16,17,16,17,16,17,16,17,16,17,16,17,16,17,16,17,16,17,16,17,16,17,16,17,16,17,16,17,16,17,16,17,16,17,16,17,16,17,16,17,16,17,16,17,16,17,16,17,16,17,16,17,16,17,16,17,16,17,16,17,16,17,16,17,16,17,16,17,16,17,16,17,16,17,16,17,16,17,16,17,16,17,16,17,16,17,16,17,16,17,16,17,16,17,16,17,16,17,16,17,16,17,16,17,16,17,16,17,16,17,16,17,16,17,16,17,16,17,16,17,16,17,16,17,16,17,16,17,16,17,16,17,16,17,16,17,16,17,16,17,16,17,16,17,16,17,16,17,16,17,16,17,16,17,48,16,32,33,32,33,32,33,,,,,
33,32,33,32,33,32,9,1055,0,0,0,0,0,0,0,0,0,0,0,0,0,10,11,0,0,0,10,11,209,12,13,12,13,12,13,12,13,12,13,12,13,12,13,12,13,12,13,12,13,210,216,216,216,216,216,216,216,216,216,216,216,216,216,216,216,216,216,216,216,216,216,216,211,12,13,12,13,12,13,12,13,12,13,12,13,12,13,12,13,12,13,12,13,210,216,216,216,216,216,216,216,216,216,216,216,216,211,8,9,8,9,8,9,8,0,0,0,0,0,0,0,0,0,0,0,0,0,0,0,0,0,0,0,0,0,0,0,0,0,0,0,0,0,0,0,0,0,0,0,0,0,0,0,0,0,0,0,0,0,0,0,0,0,0,0,0,0,0,0,0,0,0,0,0,0,0,0,0,0,0,0,0,0,0,0,0,0,0,0,0,0,0,0,8,33,32,33,32,33,32,,,,,
32,33,32,33,32,33,17,48,0,0,0,0,0,0,48,0,0,0,0,0,0,18,19,45,14,15,26,27,208,20,36,37,36,37,36,37,36,37,36,37,36,37,36,37,36,37,36,37,21,208,223,0,0,915,0,0,857,857,0,0,0,1049,1050,0,0,0,223,0,0,0,915,0,208,20,36,37,36,37,36,37,36,37,36,37,36,37,36,37,36,37,36,37,21,208,911,911,0,0,0,0,0,0,0,0,0,301,208,16,32,33,32,33,32,33,0,0,0,0,0,0,0,0,0,0,0,0,0,0,0,0,0,0,0,0,0,0,0,0,0,0,0,0,0,0,0,0,0,0,0,0,0,0,0,0,0,0,0,0,0,0,0,0,0,0,0,0,0,0,0,0,0,0,0,0,0,0,0,0,0,0,0,0,0,0,0,0,0,0,0,0,0,0,0,16,32,33,32,33,32,33,,,,,
33,32,33,32,33,32,9,63,0,178,184,184,184,184,184,184,179,0,49,0,0,0,0,867,22,23,18,19,208,12,37,36,37,36,37,36,37,36,37,36,37,36,37,36,37,36,37,36,13,208,0,0,0,0,0,0,0,0,0,0,0,1057,1058,0,0,0,0,0,0,223,0,0,208,12,37,36,37,36,37,36,37,36,37,36,37,36,37,36,37,36,37,36,13,208,919,919,0,49,0,48,0,0,48,0,48,0,208,8,33,32,33,32,33,32,0,0,0,0,0,0,0,0,0,0,0,0,0,0,0,0,0,0,0,0,0,0,0,0,0,0,0,0,0,0,0,0,0,0,0,0,0,0,0,0,0,0,0,0,0,0,0,0,0,0,0,0,0,0,0,0,0,0,0,0,0,0,0,0,0,0,0,0,0,0,0,0,0,0,0,0,0,0,0,8,33,32,33,32,33,32,,,,,
32,33,32,33,32,33,17,71,49,176,880,881,158,0,158,155,176,0,0,0,0,49,0,0,0,45,0,0,208,20,36,37,36,37,36,37,36,37,36,37,36,37,36,37,36,37,36,37,21,208,0,0,0,0,0,0,0,0,0,223,0,0,0,0,0,0,0,0,0,0,0,0,208,20,36,37,36,37,36,37,36,37,36,37,36,37,36,37,36,37,36,37,21,208,0,0,0,0,0,0,0,172,0,54,0,0,208,16,32,33,32,33,32,33,0,0,0,0,0,0,0,0,0,0,0,0,0,0,0,0,0,0,0,0,0,0,0,0,0,0,0,0,0,0,0,0,0,0,0,0,0,0,0,0,0,0,0,0,0,0,0,0,0,0,0,0,0,0,0,0,0,0,0,0,0,0,0,0,0,0,0,0,0,0,0,0,0,0,0,0,0,0,0,16,32,33,32,33,32,33,,,,,
33,32,33,32,33,32,9,0,0,176,888,889,877,158,158,163,176,0,0,48,0,0,0,0,0,0,48,0,208,12,37,36,37,36,37,36,37,36,37,36,37,36,37,36,37,36,37,36,13,208,0,0,0,0,0,0,223,0,0,0,0,0,0,0,0,223,0,0,0,0,0,0,208,12,37,36,37,36,37,36,37,36,37,36,37,36,37,36,37,36,37,36,13,208,0,0,54,0,64,0,57,0,0,0,0,0,208,8,33,32,33,32,33,32,0,0,0,0,0,0,0,0,0,0,0,0,0,0,0,0,0,0,0,0,0,0,0,0,0,0,0,0,0,0,0,0,0,0,0,0,0,0,0,0,0,0,0,0,0,0,0,0,0,0,0,0,0,0,0,0,0,0,0,0,0,0,0,0,0,0,0,0,0,0,0,0,0,0,0,0,0,0,0,8,33,32,33,32,33,32,,,,,
32,33,32,33,32,33,17,0,0,176,896,897,878,0,158,0,176,0,0,0,0,0,0,0,49,0,0,0,208,20,36,37,36,37,36,37,36,37,36,37,36,37,36,37,36,37,36,37,21,208,0,223,0,0,0,0,0,0,0,0,0,0,0,0,0,0,0,0,0,0,0,0,208,20,36,37,36,37,36,37,36,37,36,37,36,37,36,37,36,37,36,37,21,208,0,48,0,0,172,928,929,930,0,0,172,0,208,16,32,33,32,33,32,33,0,0,0,0,0,0,0,0,0,0,0,0,0,0,0,0,0,0,0,0,0,0,0,0,0,0,0,0,0,0,0,0,0,0,0,0,0,0,0,0,0,0,0,0,0,0,0,0,0,0,0,0,0,0,0,0,0,0,0,0,0,0,0,0,0,0,0,0,0,0,0,0,0,0,0,0,0,0,0,16,32,33,32,33,32,33,,,,,
33,32,33,32,33,32,9,0,0,176,175,48,0,175,0,48,176,0,48,0,230,231,0,0,0,0,49,0,208,12,37,36,37,36,37,36,37,36,37,36,37,36,37,36,37,36,37,36,13,208,0,0,0,0,223,0,0,0,0,0,0,0,223,0,0,0,0,0,0,0,0,0,208,12,37,36,37,36,37,36,37,36,37,36,37,36,37,36,37,36,37,36,13,208,0,0,0,0,56,936,937,938,65,0,0,0,208,8,33,32,33,32,33,32,0,0,0,0,0,0,0,0,0,0,0,0,0,0,0,0,0,0,0,0,0,0,0,0,0,0,0,0,0,0,0,0,0,0,0,0,0,0,0,0,0,0,0,0,0,0,0,0,0,0,0,0,0,0,0,0,0,0,0,0,0,0,0,0,0,0,0,0,0,0,0,0,0,0,0,0,0,0,0,8,33,32,33,32,33,32,,,,,
32,33,32,33,32,33,17,0,0,176,53,0,175,0,52,0,176,0,0,0,238,239,0,49,0,0,229,0,208,20,21,20,21,20,21,20,21,20,21,20,21,20,21,20,21,20,21,20,21,208,0,0,0,0,0,0,0,0,223,0,0,0,0,0,0,0,0,0,223,0,0,0,208,20,21,20,21,20,21,20,21,20,21,20,21,20,21,20,21,20,21,20,21,208,172,0,49,0,64,944,945,946,57,0,0,0,208,16,32,33,32,33,32,33,0,0,0,0,0,0,0,0,0,0,0,0,0,0,0,0,0,0,0,0,0,0,0,0,0,0,0,0,0,0,0,0,0,0,0,0,0,0,0,0,0,0,0,0,0,0,0,0,0,0,0,0,0,0,0,0,0,0,0,0,0,0,0,0,0,0,0,0,0,0,0,0,0,0,0,0,0,0,0,16,32,33,32,33,32,33,,,,,
33,32,33,32,33,32,9,0,0,176,876,876,158,0,0,175,176,0,235,49,0,0,0,0,0,0,237,0,218,216,216,216,216,216,216,216,216,216,216,216,216,216,216,216,216,216,216,216,216,219,0,0,0,0,0,0,0,0,0,0,0,0,0,0,0,0,0,0,0,0,0,0,218,216,216,216,216,216,216,216,216,216,212,226,220,216,216,216,216,216,216,216,216,219,0,0,0,0,0,64,56,64,0,0,0,0,208,8,33,32,33,32,33,32,0,0,0,0,0,0,0,0,0,0,0,0,0,0,0,0,0,0,0,0,0,0,0,0,0,0,0,0,0,0,0,0,0,0,0,0,0,0,0,0,0,0,0,0,0,0,0,0,0,0,0,0,0,0,0,0,0,0,0,0,0,0,0,0,0,0,0,0,0,0,0,0,0,0,0,0,0,0,0,8,33,32,33,32,33,32,,,,,
32,33,32,33,32,33,17,0,0,176,152,153,153,153,153,154,176,0,298,298,298,298,298,298,298,298,298,298,298,551,298,298,298,298,298,298,298,298,298,298,298,298,298,298,298,298,298,298,550,0,0,0,0,0,0,0,0,0,0,0,0,0,0,0,223,0,0,0,0,0,0,0,298,551,298,298,298,298,298,298,298,298,298,298,298,298,298,298,298,298,298,298,298,298,0,0,0,172,0,0,0,0,172,0,49,0,208,16,32,33,32,33,32,33,0,0,0,0,0,0,0,0,0,0,0,0,0,0,0,0,0,0,0,0,0,0,0,0,0,0,0,0,0,0,0,0,0,0,0,0,0,0,0,0,0,0,0,0,0,0,0,0,0,0,0,0,0,0,0,0,0,0,0,0,0,0,0,0,0,0,0,0,0,0,0,0,0,0,0,0,0,0,0,16,32,33,32,33,32,33,,,,,
33,32,33,32,33,32,9,48,0,176,160,161,161,161,161,162,176,0,314,298,298,298,298,298,298,298,298,298,298,559,298,298,298,298,298,298,298,298,298,298,298,298,298,298,298,298,298,298,558,0,0,0,0,0,223,0,0,0,0,0,0,0,0,0,0,0,0,0,0,0,223,0,298,559,298,298,298,298,298,298,298,298,298,298,298,298,298,298,298,298,298,298,298,298,0,54,48,0,0,0,0,0,0,0,0,0,208,8,33,32,33,32,33,32,0,0,0,0,0,0,0,0,0,0,0,0,0,0,0,0,0,0,0,0,0,0,0,0,0,0,0,0,0,0,0,0,0,0,0,0,0,0,0,0,0,0,0,0,0,0,0,0,0,0,0,0,0,0,0,0,0,0,0,0,0,0,0,0,0,0,0,0,0,0,0,0,0,0,0,0,0,0,0,8,33,32,33,32,33,32,,,,,
32,33,32,33,32,33,17,63,0,176,168,169,169,169,169,170,176,0,0,0,0,226,227,0,0,0,0,0,210,216,216,216,216,216,216,216,216,216,216,216,216,216,216,216,216,216,216,216,216,211,0,0,0,0,0,0,0,223,0,0,0,223,0,0,0,0,0,0,0,0,0,0,210,216,216,216,216,216,216,216,216,216,216,216,216,216,216,216,216,216,216,216,216,211,0,0,0,0,0,49,0,0,0,0,0,0,208,16,32,33,32,33,32,33,0,0,0,0,0,0,0,0,0,0,0,0,0,0,0,0,0,0,0,0,0,0,0,0,0,0,0,0,0,0,0,0,0,0,0,0,0,0,0,0,0,0,0,0,0,0,0,0,0,0,0,0,0,0,0,0,0,0,0,0,0,0,0,0,0,0,0,0,0,0,0,0,0,0,0,0,0,0,0,16,32,33,32,33,32,33,,,,,
33,32,33,32,33,32,9,71,0,186,184,184,184,184,184,184,187,0,0,0,0,0,0,0,48,0,0,0,208,12,13,12,13,12,13,12,13,12,13,12,13,12,13,12,13,12,13,12,13,208,0,0,0,0,0,0,0,0,0,0,0,0,0,0,0,0,0,0,0,0,0,0,208,12,13,12,13,12,13,12,13,12,13,12,13,12,13,12,13,12,13,12,13,208,0,0,0,0,49,0,10,11,0,0,0,0,208,8,33,32,33,32,33,32,0,0,0,0,0,0,0,0,0,0,0,0,0,0,0,0,0,0,0,0,0,0,0,0,0,0,0,0,0,0,0,0,0,0,0,0,0,0,0,0,0,0,0,0,0,0,0,0,0,0,0,0,0,0,0,0,0,0,0,0,0,0,0,0,0,0,0,0,0,0,0,0,0,0,0,0,0,0,0,8,33,32,33,32,33,32,,,,,
32,33,32,33,32,33,17,0,0,0,278,279,0,0,0,0,0,0,0,49,0,0,0,0,0,0,0,0,208,20,36,37,36,37,36,37,36,37,36,37,36,37,36,37,36,37,36,37,21,208,0,0,0,0,0,0,0,0,0,0,0,0,0,0,0,0,223,0,0,0,0,0,208,20,36,37,36,37,36,37,36,37,36,37,36,37,36,37,36,37,36,37,21,208,188,184,180,42,0,0,26,27,40,40,46,47,208,16,32,33,32,33,32,33,0,0,0,0,0,0,0,0,0,0,0,0,0,0,0,0,0,0,0,0,0,0,0,0,0,0,0,0,0,0,0,0,0,0,0,0,0,0,0,0,0,0,0,0,0,0,0,0,0,0,0,0,0,0,0,0,0,0,0,0,0,0,0,0,0,0,0,0,0,0,0,0,0,0,0,0,0,0,0,16,32,33,32,33,32,33,,,,,
33,32,33,32,33,32,9,0,0,0,286,287,0,0,0,0,0,0,0,0,0,0,48,46,47,51,0,0,208,12,37,36,37,36,37,36,37,36,37,36,37,36,37,36,37,36,37,36,13,208,0,0,223,0,0,0,0,0,223,0,0,0,0,0,0,0,0,0,0,223,0,0,208,12,37,36,37,36,37,36,37,36,37,36,37,36,37,36,37,36,37,36,13,208,0,0,0,49,0,49,18,19,0,0,0,0,208,8,33,32,33,32,33,32,0,0,0,0,0,0,0,0,0,0,0,0,0,0,0,0,0,0,0,0,0,0,0,0,0,0,0,0,0,0,0,0,0,0,0,0,0,0,0,0,0,0,0,0,0,0,0,0,0,0,0,0,0,0,0,0,0,0,0,0,0,0,0,0,0,0,0,0,0,0,0,0,0,0,0,0,0,0,0,8,33,32,33,32,33,32,,,,,
32,33,32,33,32,33,17,0,0,57,64,64,56,0,0,0,0,48,0,0,0,0,0,0,69,63,0,0,208,20,36,37,36,37,36,37,36,37,36,37,36,37,36,37,36,37,36,37,21,208,0,0,0,0,0,0,0,0,0,0,0,0,223,0,0,0,0,0,0,0,0,0,208,20,36,37,36,37,36,37,36,37,36,37,36,37,36,37,36,37,36,37,21,208,0,0,0,0,0,0,0,0,0,48,0,0,208,16,32,33,32,33,32,33,0,0,0,0,0,0,0,0,0,0,0,0,0,0,0,0,0,0,0,0,0,0,0,0,0,0,0,0,0,0,0,0,0,0,0,0,0,0,0,0,0,0,0,0,0,0,0,0,0,0,0,0,0,0,0,0,0,0,0,0,0,0,0,0,0,0,0,0,0,0,0,0,0,0,0,0,0,0,0,16,32,33,32,33,32,33,,,,,
33,32,33,32,33,32,9,0,64,1067,59,1067,1067,0,0,0,0,48,0,0,0,0,0,51,45,71,0,49,208,12,37,36,37,36,37,36,37,36,37,36,37,36,37,36,37,36,37,36,13,208,0,0,0,0,0,223,0,0,0,0,0,0,0,0,0,0,0,0,0,0,0,223,208,12,37,36,37,36,37,36,37,36,37,36,37,36,37,36,37,36,37,36,13,208,0,0,49,45,41,10,11,40,45,0,0,0,208,8,33,32,33,32,33,32,0,0,0,0,0,0,0,0,0,0,0,0,0,0,0,0,0,0,0,0,0,0,0,0,0,0,0,0,0,0,0,0,0,0,0,0,0,0,0,0,0,0,0,0,0,0,0,0,0,0,0,0,0,0,0,0,0,0,0,0,0,0,0,0,0,0,0,0,0,0,0,0,0,0,0,0,0,0,0,8,33,32,33,32,33,32,,,,,
32,33,32,33,32,33,17,0,54,1067,1067,62,58,65,0,0,0,0,0,65,48,64,0,48,0,0,0,0,208,20,36,37,36,37,36,37,36,37,36,37,36,37,36,37,36,37,36,37,21,208,223,0,0,0,0,0,0,0,0,0,0,0,0,0,0,0,0,0,0,0,0,0,208,20,36,37,36,37,36,37,36,37,36,37,36,37,36,37,36,37,36,37,21,208,48,0,0,0,0,18,19,0,0,0,49,0,208,16,32,33,32,33,32,33,0,0,0,0,0,0,0,0,0,0,0,0,0,0,0,0,0,0,0,0,0,0,0,0,0,0,0,0,0,0,0,0,0,0,0,0,0,0,0,0,0,0,0,0,0,0,0,0,0,0,0,0,0,0,0,0,0,0,0,0,0,0,0,0,0,0,0,0,0,0,0,0,0,0,0,0,0,0,0,16,32,33,32,33,32,33,,,,,
33,32,33,32,33,32,9,0,0,58,1067,59,1067,55,0,0,0,64,235,66,0,0,0,0,0,49,0,0,208,12,37,36,37,36,37,36,37,36,37,36,37,36,37,36,37,36,37,36,13,208,0,0,0,915,0,0,0,857,857,0,0,0,915,0,0,223,0,0,0,0,915,0,208,12,37,36,37,36,37,36,37,36,37,36,37,36,37,36,37,36,37,36,13,208,0,0,0,0,0,49,10,11,12,13,10,11,208,8,33,32,33,32,33,32,0,0,0,0,0,0,0,0,0,0,0,0,0,0,0,0,0,0,0,0,0,0,0,0,0,0,0,0,0,0,0,0,0,0,0,0,0,0,0,0,0,0,0,0,0,0,0,0,0,0,0,0,0,0,0,0,0,0,0,0,0,0,0,0,0,0,0,0,0,0,0,0,0,0,0,0,0,0,0,8,33,32,33,32,33,32,,,,,
32,33,32,33,32,33,17,0,64,1067,62,1067,1067,53,0,0,0,65,0,0,64,0,0,0,0,0,0,0,208,20,21,20,21,20,21,20,21,20,21,20,21,20,21,20,21,20,21,20,21,218,216,216,216,216,216,216,216,216,216,216,216,216,216,216,216,216,216,216,216,216,216,216,219,20,21,20,21,20,21,20,21,20,21,20,21,20,21,20,21,20,21,20,21,208,188,184,184,180,0,0,18,19,20,21,18,19,208,16,32,33,32,33,32,33,0,0,0,0,0,0,0,0,0,0,0,0,0,0,0,0,0,0,0,0,0,0,0,0,0,0,0,0,0,0,0,0,0,0,0,0,0,0,0,0,0,0,0,0,0,0,0,0,0,0,0,0,0,0,0,0,0,0,0,0,0,0,0,0,0,0,0,0,0,0,0,0,0,0,0,0,0,0,0,16,32,33,32,33,32,33,,,,,
33,32,33,32,33,32,9,0,0,56,64,57,64,0,0,0,49,0,67,0,65,0,0,49,0,48,0,48,217,8,9,8,9,8,9,8,9,8,9,8,9,8,9,8,9,8,9,8,9,8,9,8,9,8,9,8,9,8,9,8,9,8,9,8,9,8,9,8,9,8,9,8,9,8,9,8,9,8,9,8,9,8,9,8,9,8,9,8,9,8,9,0,0,208,0,0,0,0,48,0,48,0,0,49,0,0,208,8,33,32,33,32,33,32,0,0,0,0,0,0,0,0,0,0,0,0,0,0,0,0,0,0,0,0,0,0,0,0,0,0,0,0,0,0,0,0,0,0,0,0,0,0,0,0,0,0,0,0,0,0,0,0,0,0,0,0,0,0,0,0,0,0,0,0,0,0,0,0,0,0,0,0,0,0,0,0,0,0,0,0,0,0,0,8,33,32,33,32,33,32,,,,,
32,33,32,33,32,33,17,8,9,8,9,8,9,8,9,8,9,8,9,8,9,8,9,8,9,8,9,8,9,16,32,33,32,33,32,33,32,33,32,33,32,33,32,33,32,33,32,33,32,33,32,33,32,33,32,33,32,33,32,33,32,33,32,33,32,33,32,33,32,33,32,33,32,33,32,33,32,33,32,33,32,33,32,33,32,33,32,33,32,33,32,9,0,208,46,47,40,45,42,45,43,65,46,47,0,0,208,16,32,33,32,33,32,33,0,0,0,0,0,0,0,0,0,0,0,0,0,0,0,0,0,0,0,0,0,0,0,0,0,0,0,0,0,0,0,0,0,0,0,0,0,0,0,0,0,0,0,0,0,0,0,0,0,0,0,0,0,0,0,0,0,0,0,0,0,0,0,0,0,0,0,0,0,0,0,0,0,0,0,0,0,0,0,16,32,33,32,33,32,33,,,,,
33,32,33,32,33,32,9,16,32,33,32,33,32,33,32,33,32,33,32,33,32,33,32,33,32,33,32,33,17,8,33,32,33,32,33,32,33,32,33,32,33,32,33,32,33,32,33,32,33,32,33,32,33,32,33,32,33,32,33,32,33,32,33,32,33,32,33,32,33,32,33,32,33,32,33,32,33,32,33,32,33,32,33,32,33,32,33,32,33,32,33,17,0,208,0,0,0,48,0,0,0,0,0,0,49,0,208,8,33,32,33,32,33,32,0,0,0,0,0,0,0,0,0,0,0,0,0,0,0,0,0,0,0,0,0,0,0,0,0,0,0,0,0,0,0,0,0,0,0,0,0,0,0,0,0,0,0,0,0,0,0,0,0,0,0,0,0,0,0,0,0,0,0,0,0,0,0,0,0,0,0,0,0,0,0,0,0,0,0,0,0,0,0,8,33,32,33,32,33,32,,,,,
32,33,32,33,32,33,17,8,33,32,33,32,33,32,33,32,33,32,33,32,33,32,33,32,33,32,33,32,9,16,32,33,32,33,32,33,32,33,32,33,32,33,32,33,32,33,32,33,32,33,32,33,32,33,32,33,32,33,32,33,32,33,32,33,32,33,32,33,32,33,32,33,32,33,32,33,32,33,32,33,32,33,32,33,32,33,32,33,32,33,32,9,0,208,8,9,10,11,0,0,49,0,0,0,0,0,208,16,32,33,32,33,32,33,0,0,0,0,0,0,0,0,0,0,0,0,0,0,0,0,0,0,0,0,0,0,0,0,0,0,0,0,0,0,0,0,0,0,0,0,0,0,0,0,0,0,0,0,0,0,0,0,0,0,0,0,0,0,0,0,0,0,0,0,0,0,0,0,0,0,0,0,0,0,0,0,0,0,0,0,0,0,0,16,32,33,32,33,32,33,,,,,
33,32,33,32,33,32,9,16,32,33,32,33,32,33,32,33,32,33,32,33,32,33,32,33,32,33,32,33,17,8,33,32,33,32,33,32,33,32,33,32,33,32,33,32,33,32,33,32,33,32,33,32,33,32,33,32,33,32,33,32,33,32,33,32,33,32,33,32,33,32,33,32,33,32,33,32,33,32,33,32,33,32,33,32,33,32,33,32,33,32,33,17,0,208,16,17,18,19,188,184,180,0,0,65,45,45,208,8,33,32,33,32,33,32,0,0,0,0,0,0,0,0,0,0,0,0,0,0,0,0,0,0,0,0,0,0,0,0,0,0,0,0,0,0,0,0,0,0,0,0,0,0,0,0,0,0,0,0,0,0,0,0,0,0,0,0,0,0,0,0,0,0,0,0,0,0,0,0,0,0,0,0,0,0,0,0,0,0,0,0,0,0,0,8,33,32,33,32,33,32,,,,,
32,33,32,33,32,33,17,8,33,32,33,32,33,32,33,32,33,32,33,32,33,32,33,32,33,32,33,32,9,16,32,33,32,33,32,33,32,33,32,33,32,33,32,33,32,33,32,33,32,33,32,33,32,33,32,33,32,33,32,33,32,33,32,33,32,33,32,33,32,33,32,33,32,33,32,33,32,33,32,33,32,33,32,33,32,33,32,33,32,33,32,9,0,208,49,0,0,48,0,0,0,0,0,0,0,0,208,16,32,33,32,33,32,33,0,0,0,0,0,0,0,0,0,0,0,0,0,0,0,0,0,0,0,0,0,0,0,0,0,0,0,0,0,0,0,0,0,0,0,0,0,0,0,0,0,0,0,0,0,0,0,0,0,0,0,0,0,0,0,0,0,0,0,0,0,0,0,0,0,0,0,0,0,0,0,0,0,0,0,0,0,0,0,16,32,33,32,33,32,33,,,,,
33,32,33,32,33,32,9,16,32,33,32,33,32,33,32,33,32,33,32,33,32,33,32,33,32,33,32,33,17,8,33,32,33,32,33,32,33,32,33,32,33,32,33,32,33,32,33,32,33,32,33,32,33,32,33,32,33,32,33,32,33,32,33,32,33,32,33,32,33,32,33,32,33,32,33,32,33,32,33,32,33,32,33,32,33,32,33,32,33,32,33,17,0,208,0,49,0,40,41,42,40,188,184,180,0,0,208,8,33,32,33,32,33,32,0,0,0,0,0,0,0,0,0,0,0,0,0,0,0,0,0,0,0,0,0,0,0,0,0,0,0,0,0,0,0,0,0,0,0,0,0,0,0,0,0,0,0,0,0,0,0,0,0,0,0,0,0,0,0,0,0,0,0,0,0,0,0,0,0,0,0,0,0,0,0,0,0,0,0,0,0,0,0,8,33,32,33,32,33,32,,,,,
32,33,32,33,32,33,17,8,33,32,33,32,33,32,33,32,33,32,33,32,33,32,33,32,33,32,33,32,9,16,17,16,17,16,17,16,17,16,17,16,17,16,17,16,17,16,17,16,17,16,17,16,17,16,17,16,17,16,17,16,17,16,17,16,17,16,17,16,17,16,17,16,17,16,17,16,17,16,17,16,17,16,17,16,17,16,32,33,32,33,32,9,0,208,0,0,0,0,0,0,0,0,0,0,0,0,208,16,32,33,32,33,32,33,0,0,0,0,0,0,0,0,0,0,0,0,0,0,0,0,0,0,0,0,0,0,0,0,0,0,0,0,0,0,0,0,0,0,0,0,0,0,0,0,0,0,0,0,0,0,0,0,0,0,0,0,0,0,0,0,0,0,0,0,0,0,0,0,0,0,0,0,0,0,0,0,0,0,0,0,0,0,0,16,32,33,32,33,32,33,,,,,
33,32,33,32,33,32,9,16,17,16,17,16,17,16,17,16,17,16,17,16,17,16,17,16,17,16,17,16,17,0,0,0,0,0,0,0,0,0,0,0,0,0,0,0,0,0,0,0,0,0,0,0,0,0,0,0,0,0,0,0,0,0,0,0,0,0,0,0,0,0,0,0,0,0,0,0,0,0,0,0,0,0,0,0,0,0,33,32,33,32,33,17,0,208,45,43,45,0,49,188,184,184,184,184,184,180,208,8,33,32,33,32,33,32,0,0,0,0,0,0,0,0,0,0,0,0,0,0,0,0,0,0,0,0,0,0,0,0,0,0,0,0,0,0,0,0,0,0,0,0,0,0,0,0,0,0,0,0,0,0,0,0,0,0,0,0,0,0,0,0,0,0,0,0,0,0,0,0,0,0,0,0,0,0,0,0,0,0,0,0,0,0,0,8,33,32,33,32,33,32,,,,,
32,33,32,33,32,33,17,8,9,8,9,8,9,8,9,8,9,8,9,8,9,8,9,8,9,8,9,8,9,8,9,8,9,8,9,8,9,8,9,8,9,8,9,8,9,8,9,8,9,8,9,8,9,8,9,8,9,8,9,8,9,0,0,0,0,0,0,0,0,0,0,0,0,0,0,0,0,0,0,0,0,0,0,0,0,0,32,33,32,33,32,9,0,208,0,48,0,49,0,48,0,0,0,49,0,0,208,16,32,33,32,33,32,33,0,0,0,0,0,0,0,0,0,0,0,0,0,0,0,0,0,0,0,0,0,0,0,0,0,0,0,0,0,0,0,0,0,0,0,0,0,0,0,0,0,0,0,0,0,0,0,0,0,0,0,0,0,0,0,0,0,0,0,0,0,0,0,0,0,0,0,0,0,0,0,0,0,0,0,0,0,0,0,16,32,33,32,33,32,33,,,,,
33,32,33,32,33,32,9,16,32,33,32,33,32,33,32,33,32,33,32,33,32,33,32,33,32,33,32,33,32,33,32,33,32,33,32,33,32,33,32,33,32,33,32,33,32,33,32,33,32,33,32,33,32,33,32,33,32,33,32,33,17,8,9,8,9,8,9,8,0,0,0,0,0,0,0,0,0,0,0,0,0,0,0,0,0,0,16,17,16,17,16,17,0,208,45,45,45,46,47,40,0,49,14,15,46,47,208,8,33,32,33,32,33,32,0,0,0,0,0,0,0,0,0,0,0,0,0,0,0,0,0,0,0,0,0,0,0,0,0,0,0,0,0,0,0,0,0,0,0,0,0,0,0,0,0,0,0,0,0,0,0,0,0,0,0,0,0,0,0,0,0,0,0,0,0,0,0,0,0,0,0,0,0,0,0,0,0,0,0,0,0,0,0,8,33,32,33,32,33,32,,,,,
32,33,32,33,32,33,17,8,33,32,33,32,33,32,33,32,33,32,33,32,33,32,33,32,33,32,33,32,33,32,33,32,33,32,33,32,33,32,33,32,33,32,33,32,33,32,33,32,33,32,33,32,33,32,33,32,33,32,33,32,9,16,32,33,32,33,32,33,12,13,12,13,12,13,12,13,12,13,12,13,12,13,12,13,12,13,12,13,12,13,12,13,0,208,0,0,0,49,0,48,0,0,22,23,0,0,208,16,32,33,32,33,32,33,0,0,0,0,0,0,0,0,0,0,0,0,0,0,0,0,0,0,0,0,0,0,0,0,0,0,0,0,0,0,0,0,0,0,0,0,0,0,0,0,0,0,0,0,0,0,0,0,0,0,0,0,0,0,0,0,0,0,0,0,0,0,0,0,0,0,0,0,0,0,0,0,0,0,0,0,0,0,0,16,32,33,32,33,32,33,,,,,
33,32,33,32,33,32,9,16,32,33,32,33,32,33,32,33,32,33,32,33,32,33,32,33,32,33,32,33,32,33,32,33,32,33,32,33,32,33,32,33,32,33,32,33,32,33,32,33,32,33,32,33,32,33,32,33,32,33,32,33,17,8,33,32,33,32,33,32,20,36,37,36,37,36,37,36,37,36,37,36,37,36,37,36,37,36,37,36,37,36,37,36,13,208,0,48,65,41,41,41,42,43,41,45,65,65,208,8,33,32,33,32,33,32,0,0,0,0,0,0,0,0,0,0,0,0,0,0,0,0,0,0,0,0,0,0,0,0,0,0,0,0,0,0,0,0,0,0,0,0,0,0,0,0,0,0,0,0,0,0,0,0,0,0,0,0,0,0,0,0,0,0,0,0,0,0,0,0,0,0,0,0,0,0,0,0,0,0,0,0,0,0,0,8,33,32,33,32,33,32,,,,,
32,33,32,33,32,33,17,8,33,32,33,32,33,32,33,32,33,32,33,32,33,32,33,32,33,32,33,32,33,32,33,32,33,32,33,32,33,32,33,32,33,32,33,32,33,32,33,32,33,32,33,32,33,32,33,32,33,32,33,32,9,16,32,33,32,33,32,33,12,37,36,37,36,37,36,37,36,37,36,37,36,37,36,37,36,37,36,37,36,37,36,37,21,208,0,0,0,0,49,0,0,49,0,0,0,0,208,16,32,33,32,33,32,33,0,0,0,0,0,0,0,0,0,0,0,0,0,0,0,0,0,0,0,0,0,0,0,0,0,0,0,0,0,0,0,0,0,0,0,0,0,0,0,0,0,0,0,0,0,0,0,0,0,0,0,0,0,0,0,0,0,0,0,0,0,0,0,0,0,0,0,0,0,0,0,0,0,0,0,0,0,0,0,16,32,33,32,33,32,33,,,,,
33,32,33,32,33,32,9,16,32,33,32,33,32,33,32,33,32,33,32,33,32,33,32,33,32,33,32,33,32,33,32,33,32,33,32,33,32,33,32,33,32,33,32,33,32,33,32,33,32,33,32,33,32,33,32,33,32,33,32,33,17,8,33,32,33,32,33,32,20,36,37,36,37,36,37,36,37,36,37,36,37,36,37,36,37,36,37,36,37,36,37,36,13,208,188,184,184,184,184,184,180,0,0,42,42,40,208,8,33,32,33,32,33,32,0,0,0,0,0,0,0,0,0,0,0,0,0,0,0,0,0,0,0,0,0,0,0,0,0,0,0,0,0,0,0,0,0,0,0,0,0,0,0,0,0,0,0,0,0,0,0,0,0,0,0,0,0,0,0,0,0,0,0,0,0,0,0,0,0,0,0,0,0,0,0,0,0,0,0,0,0,0,0,8,33,32,33,32,33,32,,,,,
32,33,32,33,32,33,17,8,33,32,33,32,33,32,33,32,33,32,33,32,33,32,33,32,33,32,33,32,33,32,33,32,33,32,33,32,33,32,33,32,33,32,33,32,33,32,33,32,33,32,33,32,33,32,33,32,33,32,33,32,9,16,32,33,32,33,32,33,12,37,36,37,36,37,36,37,36,37,36,37,36,37,36,37,36,37,36,37,36,37,36,37,21,208,0,49,0,49,0,0,48,0,48,0,0,0,208,16,32,33,32,33,32,33,0,0,0,0,0,0,0,0,0,0,0,0,0,0,0,0,0,0,0,0,0,0,0,0,0,0,0,0,0,0,0,0,0,0,0,0,0,0,0,0,0,0,0,0,0,0,0,0,0,0,0,0,0,0,0,0,0,0,0,0,0,0,0,0,0,0,0,0,0,0,0,0,0,0,0,0,0,0,0,16,32,33,32,33,32,33,,,,,
33,32,33,32,33,32,9,16,17,16,17,16,17,16,17,16,17,16,17,16,17,16,17,16,17,16,17,16,17,16,17,16,17,16,17,16,17,16,17,16,17,16,17,16,17,16,17,16,17,16,17,16,17,16,17,16,17,16,17,16,17,8,33,32,33,32,33,32,20,36,37,36,37,36,37,36,37,36,37,36,37,36,37,36,37,36,37,36,37,36,37,36,13,208,41,42,41,8,9,0,0,8,9,45,43,43,208,8,33,32,33,32,33,32,0,0,0,0,0,0,0,0,0,0,0,0,0,0,0,0,0,0,0,0,0,0,0,0,0,0,0,0,0,0,0,0,0,0,0,0,0,0,0,0,0,0,0,0,0,0,0,0,0,0,0,0,0,0,0,0,0,0,0,0,0,0,0,0,0,0,0,0,0,0,0,0,0,0,0,0,0,0,0,8,33,32,33,32,33,32,,,,,
32,33,32,33,32,33,17,12,13,12,13,12,13,12,13,12,13,12,13,12,13,12,13,12,13,12,13,12,13,12,13,12,13,12,13,12,13,12,13,12,13,12,13,12,13,12,13,12,13,0,0,0,0,0,0,0,0,0,0,0,0,16,32,33,32,33,32,33,12,37,36,37,36,37,36,37,36,37,36,37,36,37,36,37,36,37,36,37,36,37,36,37,21,208,0,0,0,16,17,49,0,16,17,0,0,0,208,16,32,33,32,33,32,33,0,0,0,0,0,0,0,0,0,0,0,0,0,0,0,0,0,0,0,0,0,0,0,0,0,0,0,0,0,0,0,0,0,0,0,0,0,0,0,0,0,0,0,0,0,0,0,0,0,0,0,0,0,0,0,0,0,0,0,0,0,0,0,0,0,0,0,0,0,0,0,0,0,0,0,0,0,0,0,16,32,33,32,33,32,33,,,,,
33,32,33,32,33,32,9,20,21,20,21,20,21,20,21,20,21,20,21,20,21,20,21,20,21,20,21,20,21,20,21,20,21,20,21,20,21,20,21,20,21,20,21,20,21,20,21,20,21,0,210,216,216,216,216,216,216,216,216,216,211,8,33,32,33,32,33,32,20,36,37,36,37,36,37,36,37,36,37,36,37,36,37,36,37,36,37,36,37,36,37,36,13,208,188,184,184,184,184,180,49,0,0,65,45,65,208,8,33,32,33,32,33,32,0,0,0,0,0,0,0,0,0,0,0,0,0,0,0,0,0,0,0,0,0,0,0,0,0,0,0,0,0,0,0,0,0,0,0,0,0,0,0,0,0,0,0,0,0,0,0,0,0,0,0,0,0,0,0,0,0,0,0,0,0,0,0,0,0,0,0,0,0,0,0,0,0,0,0,0,0,0,0,8,33,32,33,32,33,32,,,,,
32,33,32,33,32,33,17,0,8,9,8,9,8,9,8,9,8,9,8,9,8,9,8,9,8,9,8,9,8,9,8,9,8,9,8,9,8,9,8,9,8,9,8,9,8,9,8,9,8,9,208,0,1012,0,0,0,0,0,0,0,208,16,32,33,32,33,32,33,12,37,36,37,36,37,36,37,36,37,36,37,36,37,36,37,36,37,36,37,36,37,36,37,21,208,0,0,0,0,0,0,0,0,0,48,0,0,208,16,32,33,32,33,32,33,0,0,0,0,0,0,0,0,0,0,0,0,0,0,0,0,0,0,0,0,0,0,0,0,0,0,0,0,0,0,0,0,0,0,0,0,0,0,0,0,0,0,0,0,0,0,0,0,0,0,0,0,0,0,0,0,0,0,0,0,0,0,0,0,0,0,0,0,0,0,0,0,0,0,0,0,0,0,0,16,32,33,32,33,32,33,,,,,
33,32,33,32,33,32,9,8,33,32,33,32,33,32,33,32,33,32,33,32,33,32,33,32,33,32,33,32,33,32,33,32,33,32,33,32,33,32,33,32,33,32,33,32,33,32,33,32,33,17,208,0,1020,0,0,0,0,0,0,0,208,8,33,32,33,32,33,32,20,36,37,36,37,36,37,36,37,36,37,36,37,36,37,36,37,36,37,36,37,36,37,36,13,208,0,48,0,0,49,0,0,0,0,0,0,48,208,8,33,32,33,32,33,32,0,0,0,0,0,0,0,0,0,0,0,0,0,0,0,0,0,0,0,0,0,0,0,0,0,0,0,0,0,0,0,0,0,0,0,0,0,0,0,0,0,0,0,0,0,0,0,0,0,0,0,0,0,0,0,0,0,0,0,0,0,0,0,0,0,0,0,0,0,0,0,0,0,0,0,0,0,0,0,8,33,32,33,32,33,32,,,,,
32,33,32,33,32,33,17,16,32,33,32,33,32,33,32,33,32,33,32,33,32,33,32,33,32,33,32,33,32,33,32,33,32,33,32,33,32,33,32,33,32,33,32,33,32,33,32,33,32,9,208,0,0,0,0,0,0,0,0,0,208,16,32,33,32,33,32,33,12,37,36,37,36,37,36,37,36,37,36,37,36,37,36,37,36,37,36,37,36,37,36,37,21,208,48,0,49,0,0,0,49,0,49,0,0,0,208,16,32,33,32,33,32,33,0,0,0,0,0,0,0,0,0,0,0,0,0,0,0,0,0,0,0,0,0,0,0,0,0,0,0,0,0,0,0,0,0,0,0,0,0,0,0,0,0,0,0,0,0,0,0,0,0,0,0,0,0,0,0,0,0,0,0,0,0,0,0,0,0,0,0,0,0,0,0,0,0,0,0,0,0,0,0,16,32,33,32,33,32,33,,,,,
33,32,33,32,33,32,9,8,33,32,33,32,33,32,33,32,33,32,33,32,33,32,33,32,33,32,33,32,33,32,33,32,33,32,33,32,33,32,33,32,33,32,33,32,33,32,33,32,33,17,208,548,549,550,548,549,549,549,549,549,208,8,33,32,33,32,33,32,20,36,37,36,37,36,37,36,37,36,37,36,37,36,37,36,37,36,37,36,37,36,37,36,13,208,0,0,0,0,0,0,0,0,0,0,49,0,208,8,33,32,33,32,33,32,0,0,0,0,0,0,0,0,0,0,0,0,0,0,0,0,0,0,0,0,0,0,0,0,0,0,0,0,0,0,0,0,0,0,0,0,0,0,0,0,0,0,0,0,0,0,0,0,0,0,0,0,0,0,0,0,0,0,0,0,0,0,0,0,0,0,0,0,0,0,0,0,0,0,0,0,0,0,0,8,33,32,33,32,33,32,,,,,
32,33,32,33,32,33,17,16,32,33,32,33,32,33,32,33,32,33,32,33,32,33,32,33,32,33,32,33,32,33,32,33,32,33,32,33,32,33,32,33,32,33,32,33,32,33,32,33,32,9,208,556,557,558,556,557,557,557,557,557,208,16,32,33,32,33,32,33,12,37,36,37,36,37,36,37,36,37,36,37,36,37,36,37,36,37,36,37,36,37,36,37,21,218,216,216,216,216,211,298,298,210,216,216,216,216,219,16,32,33,32,33,32,33,0,0,0,0,0,0,0,0,0,0,0,0,0,0,0,0,0,0,0,0,0,0,0,0,0,0,0,0,0,0,0,0,0,0,0,0,0,0,0,0,0,0,0,0,0,0,0,0,0,0,0,0,0,0,0,0,0,0,0,0,0,0,0,0,0,0,0,0,0,0,0,0,0,0,0,0,0,0,0,16,32,33,32,33,32,33,,,,,
33,32,33,32,33,32,9,8,33,32,33,32,33,32,33,32,33,32,33,32,33,32,33,32,33,32,33,32,33,32,33,32,33,32,33,32,33,32,33,32,33,32,33,32,33,32,33,32,33,17,208,988,0,0,0,0,0,0,0,0,208,8,33,32,33,32,33,32,20,36,37,36,37,36,37,36,37,36,37,36,37,36,37,36,37,36,37,36,37,36,37,36,13,40,42,42,40,42,208,551,551,208,8,9,8,9,8,9,16,32,33,32,33,32,0,0,0,0,0,0,0,0,0,0,0,0,0,0,0,0,0,0,0,0,0,0,0,0,0,0,0,0,0,0,0,0,0,0,0,0,0,0,0,0,0,0,0,0,0,0,0,0,0,0,0,0,0,0,0,0,0,0,0,0,0,0,0,0,0,0,0,0,0,0,0,0,0,0,0,0,0,0,0,8,33,32,33,32,33,32,,,,,
32,33,32,33,32,33,17,16,32,33,32,33,32,33,32,33,32,33,32,33,32,33,32,33,32,33,32,33,32,33,32,33,32,33,32,33,32,33,32,33,32,33,32,33,32,33,32,33,32,9,208,0,0,0,0,0,0,988,0,0,208,16,32,33,32,33,32,33,12,37,36,37,36,37,36,37,36,37,36,37,36,37,36,37,36,37,36,37,36,37,36,37,21,42,40,41,42,42,208,559,559,208,16,32,33,32,33,32,9,16,32,33,32,33,0,0,0,0,0,0,0,0,0,0,0,0,0,0,0,0,0,0,0,0,0,0,0,0,0,0,0,0,0,0,0,0,0,0,0,0,0,0,0,0,0,0,0,0,0,0,0,0,0,0,0,0,0,0,0,0,0,0,0,0,0,0,0,0,0,0,0,0,0,0,0,0,0,0,0,0,0,0,0,16,32,33,32,33,32,33,,,,,
33,32,33,32,33,32,9,8,33,32,33,32,33,32,33,32,33,32,33,32,33,32,33,32,33,32,33,32,33,32,33,32,33,32,33,32,33,32,33,32,33,32,33,32,33,32,33,32,33,17,208,0,0,0,0,0,0,0,0,0,208,8,33,32,33,32,33,32,20,36,37,36,37,36,37,36,37,36,37,36,37,36,37,36,37,36,37,36,37,36,37,36,13,41,42,42,42,40,208,298,298,208,8,33,32,33,32,33,32,9,16,32,33,32,0,0,0,0,0,0,0,0,0,0,0,0,0,0,0,0,0,0,0,0,0,0,0,0,0,0,0,0,0,0,0,0,0,0,0,0,0,0,0,0,0,0,0,0,0,0,0,0,0,0,0,0,0,0,0,0,0,0,0,0,0,0,0,0,0,0,0,0,0,0,0,0,0,0,0,0,0,0,0,8,33,32,33,32,33,32,,,,,
32,33,32,33,32,33,17,16,17,16,17,16,17,16,17,16,17,16,17,16,17,16,17,16,17,16,17,16,17,16,17,16,17,16,17,16,17,16,17,16,17,16,17,16,17,16,17,16,17,0,208,0,0,988,0,0,0,0,894,895,208,16,32,33,32,33,32,33,12,37,36,37,36,37,36,37,36,37,36,37,36,37,36,37,36,37,36,37,36,37,36,37,21,42,40,40,41,42,208,298,298,208,16,32,33,32,33,32,33,32,9,16,32,33,0,0,0,0,0,0,0,0,0,0,0,0,0,0,0,0,0,0,0,0,0,0,0,0,0,0,0,0,0,0,0,0,0,0,0,0,0,0,0,0,0,0,0,0,0,0,0,0,0,0,0,0,0,0,0,0,0,0,0,0,0,0,0,0,0,0,0,0,0,0,0,0,0,0,0,0,0,0,0,16,32,33,32,33,32,33,,,,,
33,32,33,32,33,32,9,0,0,0,210,216,216,216,216,216,216,216,216,216,216,216,216,216,216,216,216,216,216,216,216,216,216,216,216,216,211,42,40,41,42,40,41,42,40,41,42,40,41,40,208,0,0,0,0,0,0,0,902,903,208,8,33,32,33,32,33,32,20,36,37,36,37,36,37,36,37,36,37,36,37,36,37,36,37,36,37,36,37,36,37,36,13,40,41,42,42,42,208,298,298,208,8,33,32,33,32,33,32,33,32,33,16,32,0,0,0,0,0,0,0,0,0,0,0,0,0,0,0,0,0,0,0,0,0,0,0,0,0,0,0,0,0,0,0,0,0,0,0,0,0,0,0,0,0,0,0,0,0,0,0,0,0,0,0,0,0,0,0,0,0,0,0,0,0,0,0,0,0,0,0,0,0,0,0,0,0,0,0,0,0,0,0,8,33,32,33,32,33,32,,,,,
32,33,32,33,32,33,17,0,10,11,208,0,0,0,0,0,744,745,0,0,0,0,0,0,0,828,0,812,0,828,0,862,870,862,0,0,208,41,42,40,41,42,40,41,42,40,41,42,40,42,208,0,0,0,0,0,988,0,0,0,208,16,32,33,32,33,32,33,12,37,36,37,36,37,36,37,36,37,36,37,36,37,36,37,36,37,36,37,36,37,36,37,21,42,40,42,40,42,217,298,298,208,16,32,33,32,33,32,33,32,33,32,9,16,0,0,0,0,0,0,0,0,0,0,0,0,0,0,0,0,0,0,0,0,0,0,0,0,0,0,0,0,0,0,0,0,0,0,0,0,0,0,0,0,0,0,0,0,0,0,0,0,0,0,0,0,0,0,0,0,0,0,0,0,0,0,0,0,0,0,0,0,0,0,0,0,0,0,0,0,0,0,0,16,32,33,32,33,32,33,,,,,
33,32,33,32,33,32,9,0,26,27,208,0,0,0,0,0,752,753,0,0,0,0,0,0,0,836,0,820,0,836,0,0,0,0,0,0,218,216,216,216,216,216,216,216,216,216,216,216,216,216,219,0,0,0,0,0,0,0,0,0,208,8,33,32,33,32,33,32,20,36,37,36,37,36,37,36,37,36,37,36,37,36,37,36,37,36,37,36,37,36,37,36,13,41,42,40,42,42,226,298,298,208,8,33,32,33,32,33,32,33,32,33,32,9,0,0,0,0,0,0,0,0,0,0,0,0,0,0,0,0,0,0,0,0,0,0,0,0,0,0,0,0,0,0,0,0,0,0,0,0,0,0,0,0,0,0,0,0,0,0,0,0,0,0,0,0,0,0,0,0,0,0,0,0,0,0,0,0,0,0,0,0,0,0,0,0,0,0,0,0,0,0,0,8,33,32,33,32,33,32,,,,,
32,33,32,33,32,33,17,0,18,19,208,0,0,0,0,0,0,0,0,0,0,0,0,0,0,0,0,0,0,0,0,0,0,0,0,0,0,298,298,298,298,298,298,298,298,298,298,298,298,298,0,0,988,0,0,0,0,0,0,988,208,16,32,33,32,33,32,33,12,37,36,37,36,37,36,37,36,37,36,37,36,37,36,37,36,37,36,37,36,37,36,37,21,42,40,42,42,42,209,298,298,208,16,32,33,32,33,32,33,32,33,32,33,32,0,0,0,0,0,0,0,0,0,0,0,0,0,0,0,0,0,0,0,0,0,0,0,0,0,0,0,0,0,0,0,0,0,0,0,0,0,0,0,0,0,0,0,0,0,0,0,0,0,0,0,0,0,0,0,0,0,0,0,0,0,0,0,0,0,0,0,0,0,0,0,0,0,0,0,0,0,0,0,16,32,33,32,33,32,33,,,,,
33,32,33,32,33,32,9,10,11,0,208,924,0,0,0,0,0,0,0,0,0,0,0,209,0,0,0,0,0,0,0,0,0,0,0,0,0,298,298,298,298,298,298,298,298,298,298,298,298,298,0,0,0,0,0,0,0,0,0,0,208,8,33,32,33,32,33,32,20,36,37,36,37,36,37,36,37,36,37,36,37,36,37,36,37,36,37,36,37,36,37,36,13,42,42,41,42,40,208,298,298,208,8,33,32,33,32,33,32,33,32,33,32,33,0,0,0,0,0,0,0,0,0,0,0,0,0,0,0,0,0,0,0,0,0,0,0,0,0,0,0,0,0,0,0,0,0,0,0,0,0,0,0,0,0,0,0,0,0,0,0,0,0,0,0,0,0,0,0,0,0,0,0,0,0,0,0,0,0,0,0,0,0,0,0,0,0,0,0,0,0,0,0,8,33,32,33,32,33,32,,,,,
32,33,32,33,32,33,17,26,27,0,208,932,0,0,0,0,0,0,0,0,0,0,0,208,0,0,0,0,0,0,0,0,0,0,0,0,210,216,216,216,216,216,216,216,216,216,216,216,216,216,216,216,216,216,216,216,216,216,216,216,219,16,32,33,32,33,32,33,0,20,21,20,21,20,21,20,21,20,21,20,21,20,21,20,21,20,21,20,21,20,21,20,21,40,41,42,41,42,208,298,298,208,16,32,33,32,33,32,33,32,33,32,33,32,0,0,0,0,0,0,0,0,0,0,0,0,0,0,0,0,0,0,0,0,0,0,0,0,0,0,0,0,0,0,0,0,0,0,0,0,0,0,0,0,0,0,0,0,0,0,0,0,0,0,0,0,0,0,0,0,0,0,0,0,0,0,0,0,0,0,0,0,0,0,0,0,0,0,0,0,0,0,0,16,32,33,32,33,32,33,,,,,
33,32,33,32,33,32,9,18,19,0,208,0,0,0,0,0,0,0,0,0,0,0,0,208,0,0,0,0,0,0,0,0,0,0,0,0,208,8,9,8,9,8,9,8,9,8,9,8,9,8,9,8,9,8,9,8,9,8,9,8,9,8,33,32,33,32,33,32,9,8,9,8,9,8,9,8,9,8,9,8,9,8,9,8,9,8,9,8,9,8,9,8,9,8,9,8,9,0,208,298,298,208,8,33,32,33,32,33,32,33,32,33,32,33,0,0,0,0,0,0,0,0,0,0,0,0,0,0,0,0,0,0,0,0,0,0,0,0,0,0,0,0,0,0,0,0,0,0,0,0,0,0,0,0,0,0,0,0,0,0,0,0,0,0,0,0,0,0,0,0,0,0,0,0,0,0,0,0,0,0,0,0,0,0,0,0,0,0,0,0,0,0,0,8,33,32,33,32,33,32,,,,,
32,33,32,33,32,33,17,0,10,11,208,0,0,0,0,0,0,0,0,0,0,0,0,208,0,0,223,0,0,0,0,0,0,0,0,0,208,16,32,33,32,33,32,33,32,33,32,33,32,33,32,33,32,33,32,33,32,33,32,33,32,33,32,33,32,33,32,33,32,33,32,33,32,33,32,33,32,33,32,33,32,33,32,33,32,33,32,33,32,33,32,33,32,33,32,33,32,9,208,298,298,208,16,32,33,32,33,32,33,32,33,32,33,32,0,0,0,0,0,0,0,0,0,0,0,0,0,0,0,0,0,0,0,0,0,0,0,0,0,0,0,0,0,0,0,0,0,0,0,0,0,0,0,0,0,0,0,0,0,0,0,0,0,0,0,0,0,0,0,0,0,0,0,0,0,0,0,0,0,0,0,0,0,0,0,0,0,0,0,0,0,0,0,16,32,33,32,33,32,33,,,,,
33,32,33,32,33,32,9,0,26,27,208,923,0,0,0,0,0,0,0,0,0,0,0,208,0,0,0,0,0,0,223,0,0,0,0,0,208,8,33,32,33,32,33,32,33,32,33,32,33,32,33,32,33,32,33,32,33,32,33,32,33,32,33,32,33,32,33,32,33,32,33,32,33,32,33,32,33,32,33,32,33,32,33,32,33,32,33,32,33,32,33,32,33,32,33,32,33,17,208,298,298,208,8,33,32,33,32,33,32,33,32,33,32,33,0,0,0,0,0,0,0,0,0,0,0,0,0,0,0,0,0,0,0,0,0,0,0,0,0,0,0,0,0,0,0,0,0,0,0,0,0,0,0,0,0,0,0,0,0,0,0,0,0,0,0,0,0,0,0,0,0,0,0,0,0,0,0,0,0,0,0,0,0,0,0,0,0,0,0,0,0,0,0,8,33,32,33,32,33,32,,,,,
32,33,32,33,32,33,17,0,18,19,208,931,0,0,0,0,0,0,0,0,0,0,0,208,0,0,0,0,0,0,0,0,0,0,0,703,208,16,32,33,32,33,32,33,32,33,32,33,32,33,32,33,32,33,32,33,32,33,32,33,32,33,32,33,32,33,32,33,32,33,32,33,32,33,32,33,32,33,32,33,32,33,32,33,32,33,32,33,32,33,32,33,32,33,32,33,32,9,208,298,298,208,16,32,33,32,33,32,33,32,33,32,33,32,0,0,0,0,0,0,0,0,0,0,0,0,0,0,0,0,0,0,0,0,0,0,0,0,0,0,0,0,0,0,0,0,0,0,0,0,0,0,0,0,0,0,0,0,0,0,0,0,0,0,0,0,0,0,0,0,0,0,0,0,0,0,0,0,0,0,0,0,0,0,0,0,0,0,0,0,0,0,0,16,32,33,32,33,32,33,,,,,
33,32,33,32,33,32,9,10,11,0,208,0,0,0,0,0,0,0,0,0,0,988,0,208,0,0,0,0,875,0,0,0,0,0,724,703,208,8,33,32,33,32,33,32,33,32,33,32,33,32,33,32,33,32,33,32,33,32,33,32,33,32,33,32,33,32,33,32,33,32,33,32,33,32,33,32,33,32,33,32,33,32,33,32,33,32,33,32,33,32,33,32,33,32,33,32,33,17,208,298,298,208,8,33,32,33,32,33,32,33,32,33,32,33,0,0,0,0,0,0,0,0,0,0,0,0,0,0,0,0,0,0,0,0,0,0,0,0,0,0,0,0,0,0,0,0,0,0,0,0,0,0,0,0,0,0,0,0,0,0,0,0,0,0,0,0,0,0,0,0,0,0,0,0,0,0,0,0,0,0,0,0,0,0,0,0,0,0,0,0,0,0,0,8,33,32,33,32,33,32,,,,,
32,33,32,33,32,33,17,26,27,0,208,0,0,0,0,0,0,875,0,0,0,0,0,208,858,0,0,0,0,0,0,0,0,223,0,711,208,16,32,33,32,33,32,33,32,33,32,33,32,33,32,33,32,33,32,33,32,33,32,33,32,33,32,33,32,33,32,33,32,33,32,33,32,33,32,33,32,33,32,33,32,33,32,33,32,33,32,33,32,33,32,33,32,33,32,33,32,9,208,298,298,208,16,32,33,32,33,32,33,32,33,32,33,32,0,0,0,0,0,0,0,0,0,0,0,0,0,0,0,0,0,0,0,0,0,0,0,0,0,0,0,0,0,0,0,0,0,0,0,0,0,0,0,0,0,0,0,0,0,0,0,0,0,0,0,0,0,0,0,0,0,0,0,0,0,0,0,0,0,0,0,0,0,0,0,0,0,0,0,0,0,0,0,16,32,33,32,33,32,33,,,,,
33,32,33,32,33,32,9,18,19,0,208,924,0,0,0,0,0,0,0,0,0,0,0,208,857,0,0,0,0,0,0,0,0,0,0,0,208,8,33,32,33,32,33,32,33,32,33,32,33,32,33,32,33,32,33,32,33,32,33,32,33,32,33,32,33,32,33,32,33,32,33,32,33,32,33,32,33,32,33,32,33,32,33,32,33,32,33,32,33,32,33,32,33,32,33,32,33,17,208,298,298,208,8,33,32,33,32,33,32,33,32,33,32,33,0,0,0,0,0,0,0,0,0,0,0,0,0,0,0,0,0,0,0,0,0,0,0,0,0,0,0,0,0,0,0,0,0,0,0,0,0,0,0,0,0,0,0,0,0,0,0,0,0,0,0,0,0,0,0,0,0,0,0,0,0,0,0,0,0,0,0,0,0,0,0,0,0,0,0,0,0,0,0,8,33,32,33,32,33,32,,,,,
32,33,32,33,32,33,17,0,10,11,208,932,0,0,988,0,0,0,0,0,0,0,0,208,856,0,0,223,0,0,0,0,0,0,0,0,208,16,32,33,32,33,32,33,32,33,32,33,32,33,32,33,32,33,32,33,32,33,32,33,32,33,32,33,32,33,32,33,32,33,32,33,32,33,32,33,32,33,32,33,32,33,32,33,32,33,32,33,32,33,32,33,32,33,32,33,32,9,208,298,298,208,16,32,33,32,33,32,33,0,0,0,0,0,0,0,0,0,0,0,0,0,0,0,0,0,0,0,0,0,0,0,0,0,0,0,0,0,0,0,0,0,0,0,0,0,0,0,0,0,0,0,0,0,0,0,0,0,0,0,0,0,0,0,0,0,0,0,0,0,0,0,0,0,0,0,0,0,0,0,0,0,0,0,0,0,0,0,0,0,0,0,0,16,32,33,32,33,32,33,,,,,
33,32,33,32,33,32,9,0,26,27,208,0,0,0,0,0,0,0,0,0,0,0,0,208,0,0,0,0,0,0,0,0,0,0,0,0,208,8,33,32,33,32,33,32,33,32,33,32,33,32,33,32,33,32,33,32,33,32,33,32,33,32,33,32,33,32,33,32,33,32,33,32,33,32,33,32,33,32,33,32,33,32,33,32,33,32,33,32,33,32,33,32,33,32,33,32,33,17,208,298,298,208,8,33,32,33,32,33,32,0,0,0,0,0,0,0,0,0,0,0,0,0,0,0,0,0,0,0,0,0,0,0,0,0,0,0,0,0,0,0,0,0,0,0,0,0,0,0,0,0,0,0,0,0,0,0,0,0,0,0,0,0,0,0,0,0,0,0,0,0,0,0,0,0,0,0,0,0,0,0,0,0,0,0,0,0,0,0,0,0,0,0,0,8,33,32,33,32,33,32,,,,,
32,33,32,33,32,33,17,0,18,19,208,0,0,0,0,0,0,988,0,0,0,0,0,208,0,0,0,0,0,0,0,223,0,0,0,0,208,16,32,33,32,33,32,33,32,33,32,33,32,33,32,33,32,33,32,33,32,33,32,33,32,33,32,33,32,33,32,33,32,33,32,33,32,33,32,33,32,33,32,33,32,33,32,33,32,33,32,33,32,33,32,33,32,33,32,33,32,9,208,298,298,208,16,32,33,32,33,32,33,0,0,0,0,0,0,0,0,0,0,0,0,0,0,0,0,0,0,0,0,0,0,0,0,0,0,0,0,0,0,0,0,0,0,0,0,0,0,0,0,0,0,0,0,0,0,0,0,0,0,0,0,0,0,0,0,0,0,0,0,0,0,0,0,0,0,0,0,0,0,0,0,0,0,0,0,0,0,0,0,0,0,0,0,16,32,33,32,33,32,33,,,,,
33,32,33,32,33,32,9,10,11,0,208,908,0,0,0,875,0,0,0,0,0,0,0,208,0,0,0,0,0,0,0,0,0,0,0,0,208,8,33,32,33,32,33,32,33,32,33,32,33,32,33,32,33,32,33,32,33,32,33,32,33,32,33,32,33,32,33,32,33,32,33,32,33,32,33,32,33,32,33,32,33,32,33,32,33,32,33,32,33,32,33,32,33,32,33,32,33,17,208,298,298,208,8,33,32,33,32,33,32,0,0,0,0,0,0,0,0,0,0,0,0,0,0,0,0,0,0,0,0,0,0,0,0,0,0,0,0,0,0,0,0,0,0,0,0,0,0,0,0,0,0,0,0,0,0,0,0,0,0,0,0,0,0,0,0,0,0,0,0,0,0,0,0,0,0,0,0,0,0,0,0,0,0,0,0,0,0,0,0,0,0,0,0,8,33,32,33,32,33,32,,,,,
32,33,32,33,32,33,17,26,27,0,208,916,0,0,0,0,0,0,0,0,0,0,0,208,0,0,223,0,0,0,0,0,0,0,884,885,208,16,17,16,17,16,17,16,17,16,17,16,17,16,17,16,17,16,17,16,17,16,17,16,17,16,17,16,17,16,17,16,17,16,17,16,17,16,17,16,17,16,17,16,17,16,17,16,17,16,17,16,17,16,17,16,17,16,17,16,17,0,208,298,298,208,16,32,33,32,33,32,33,0,0,0,0,0,0,0,0,0,0,0,0,0,0,0,0,0,0,0,0,0,0,0,0,0,0,0,0,0,0,0,0,0,0,0,0,0,0,0,0,0,0,0,0,0,0,0,0,0,0,0,0,0,0,0,0,0,0,0,0,0,0,0,0,0,0,0,0,0,0,0,0,0,0,0,0,0,0,0,0,0,0,0,0,16,32,33,32,33,32,33,,,,,
33,32,33,32,33,32,9,18,19,0,208,0,0,0,0,0,0,0,0,0,875,0,0,208,906,0,0,0,0,0,0,0,0,0,892,893,208,0,8,9,8,9,210,216,216,216,216,216,216,216,214,216,216,216,216,216,214,216,216,216,216,216,214,216,216,216,216,216,216,216,216,216,216,216,216,216,216,214,216,216,216,216,216,216,216,216,216,216,216,216,216,216,216,216,216,216,214,216,219,298,298,208,8,33,32,33,32,33,32,0,0,0,0,0,0,0,0,0,0,0,0,0,0,0,0,0,0,0,0,0,0,0,0,0,0,0,0,0,0,0,0,0,0,0,0,0,0,0,0,0,0,0,0,0,0,0,0,0,0,0,0,0,0,0,0,0,0,0,0,0,0,0,0,0,0,0,0,0,0,0,0,0,0,0,0,0,0,0,0,0,0,0,0,8,33,32,33,32,33,32,,,,,
32,33,32,33,32,33,17,0,10,11,208,0,875,0,0,0,0,0,0,0,0,0,0,208,914,0,0,0,0,875,0,0,0,0,900,901,208,8,33,32,33,17,208,0,0,0,0,0,0,0,208,0,0,0,0,0,208,49,0,0,0,993,208,995,0,49,0,48,0,0,0,49,0,0,0,0,995,208,995,0,0,48,49,0,49,0,49,0,0,49,0,0,0,48,0,995,208,0,0,0,0,208,16,32,33,32,33,32,33,0,0,0,0,0,0,0,0,0,0,0,0,0,0,0,0,0,0,0,0,0,0,0,0,0,0,0,0,0,0,0,0,0,0,0,0,0,0,0,0,0,0,0,0,0,0,0,0,0,0,0,0,0,0,0,0,0,0,0,0,0,0,0,0,0,0,0,0,0,0,0,0,0,0,0,0,0,0,0,0,0,0,0,0,16,32,33,32,33,32,33,,,,,
33,32,33,32,33,32,9,0,26,27,208,907,0,0,0,0,0,0,0,0,0,0,0,208,922,0,0,0,0,0,0,0,0,0,0,0,208,16,32,33,32,9,208,0,0,0,48,0,0,0,217,49,0,0,49,0,217,0,0,0,49,0,208,49,0,0,0,0,0,0,0,0,0,0,0,57,0,208,0,49,0,0,0,50,0,0,0,0,0,0,0,49,0,0,0,0,208,0,0,0,0,208,8,33,32,33,32,33,32,0,0,0,0,0,0,0,0,0,0,0,0,0,0,0,0,0,0,0,0,0,0,0,0,0,0,0,0,0,0,0,0,0,0,0,0,0,0,0,0,0,0,0,0,0,0,0,0,0,0,0,0,0,0,0,0,0,0,0,0,0,0,0,0,0,0,0,0,0,0,0,0,0,0,0,0,0,0,0,0,0,0,0,0,8,33,32,33,32,33,32,,,,,
32,33,32,33,32,33,17,0,18,19,208,915,0,0,0,988,0,0,875,0,0,0,0,208,0,0,0,223,0,0,0,0,0,0,0,0,208,8,33,32,33,17,208,0,53,0,0,209,0,0,0,0,0,209,0,0,0,0,49,209,0,0,208,57,0,209,0,0,0,49,0,0,0,48,0,0,0,208,0,0,0,0,48,0,0,49,0,220,216,216,214,216,216,211,48,56,208,0,0,0,0,208,16,32,33,32,33,32,33,0,0,0,0,0,0,0,0,0,0,0,0,0,0,0,0,0,0,0,0,0,0,0,0,0,0,0,0,0,0,0,0,0,0,0,0,0,0,0,0,0,0,0,0,0,0,0,0,0,0,0,0,0,0,0,0,0,0,0,0,0,0,0,0,0,0,0,0,0,0,0,0,0,0,0,0,0,0,0,0,0,0,0,0,16,32,33,32,33,32,33,,,,,
33,32,33,32,33,32,9,10,11,0,208,0,0,0,0,0,0,0,0,0,0,0,0,208,0,0,0,0,0,0,0,0,0,0,0,0,208,16,32,33,32,9,208,0,0,0,0,208,0,0,0,0,0,208,0,0,49,0,0,208,0,49,208,0,49,208,0,0,220,216,216,216,216,216,216,216,216,215,216,216,216,216,216,216,211,0,0,0,0,0,208,0,49,208,0,0,208,0,0,0,0,208,8,33,32,33,32,33,32,0,0,0,0,0,0,0,0,0,0,0,0,0,0,0,0,0,0,0,0,0,0,0,0,0,0,0,0,0,0,0,0,0,0,0,0,0,0,0,0,0,0,0,0,0,0,0,0,0,0,0,0,0,0,0,0,0,0,0,0,0,0,0,0,0,0,0,0,0,0,0,0,0,0,0,0,0,0,0,0,0,0,0,0,8,33,32,33,32,33,32,,,,,
32,33,32,33,32,33,17,26,27,0,208,0,0,0,0,0,0,0,0,0,0,0,0,208,676,0,0,0,0,0,0,0,223,0,0,0,208,8,33,32,33,17,208,0,0,48,0,208,0,0,220,216,216,213,216,216,216,216,216,213,216,216,219,0,0,208,0,0,49,0,49,0,48,0,0,0,0,208,995,49,56,0,0,0,208,48,0,220,216,216,219,0,0,208,0,0,208,0,0,0,0,208,16,32,33,32,33,32,33,0,0,0,0,0,0,0,0,0,0,0,0,0,0,0,0,0,0,0,0,0,0,0,0,0,0,0,0,0,0,0,0,0,0,0,0,0,0,0,0,0,0,0,0,0,0,0,0,0,0,0,0,0,0,0,0,0,0,0,0,0,0,0,0,0,0,0,0,0,0,0,0,0,0,0,0,0,0,0,0,0,0,0,0,16,32,33,32,33,32,33,,,,,
33,32,33,32,33,32,9,18,19,0,208,907,0,0,0,0,0,0,0,0,0,0,0,208,684,0,0,0,0,0,724,0,0,0,0,0,208,16,32,33,32,9,208,0,49,0,0,208,48,0,0,0,56,0,0,0,0,0,0,49,0,0,0,49,0,208,56,0,0,0,0,0,0,0,0,57,0,208,0,0,0,0,0,0,208,0,0,0,0,0,0,48,0,208,49,48,208,0,0,0,0,208,8,33,32,33,32,33,32,0,0,0,0,0,0,0,0,0,0,0,0,0,0,0,0,0,0,0,0,0,0,0,0,0,0,0,0,0,0,0,0,0,0,0,0,0,0,0,0,0,0,0,0,0,0,0,0,0,0,0,0,0,0,0,0,0,0,0,0,0,0,0,0,0,0,0,0,0,0,0,0,0,0,0,0,0,0,0,0,0,0,0,0,8,33,32,33,32,33,32,,,,,
32,33,32,33,32,33,17,0,10,11,208,915,0,0,875,0,0,0,0,0,0,988,0,208,692,0,0,0,0,0,0,0,0,0,0,858,208,8,33,32,33,17,208,0,0,0,0,208,0,0,0,0,0,0,0,0,48,0,0,0,57,0,0,0,48,208,0,48,220,216,214,216,216,216,211,0,48,208,49,0,210,212,49,0,208,0,49,0,0,49,0,0,0,208,0,0,208,0,0,0,0,208,16,32,33,32,33,32,33,0,0,0,0,0,0,0,0,0,0,0,0,0,0,0,0,0,0,0,0,0,0,0,0,0,0,0,0,0,0,0,0,0,0,0,0,0,0,0,0,0,0,0,0,0,0,0,0,0,0,0,0,0,0,0,0,0,0,0,0,0,0,0,0,0,0,0,0,0,0,0,0,0,0,0,0,0,0,0,0,0,0,0,0,16,32,33,32,33,32,33,,,,,
33,32,33,32,33,32,9,0,26,27,208,0,0,0,0,0,0,0,0,0,0,0,0,217,0,0,0,875,0,0,0,0,0,0,0,857,208,16,32,33,32,9,208,0,49,0,0,208,0,0,0,210,216,216,216,216,216,216,216,212,0,0,209,0,0,208,49,0,0,995,208,0,0,995,208,0,0,208,0,50,208,0,0,48,208,48,0,210,216,216,211,0,48,208,0,0,208,0,0,0,0,208,8,33,32,33,32,33,32,0,0,0,0,0,0,0,0,0,0,0,0,0,0,0,0,0,0,0,0,0,0,0,0,0,0,0,0,0,0,0,0,0,0,0,0,0,0,0,0,0,0,0,0,0,0,0,0,0,0,0,0,0,0,0,0,0,0,0,0,0,0,0,0,0,0,0,0,0,0,0,0,0,0,0,0,0,0,0,0,0,0,0,0,8,33,32,33,32,33,32,,,,,
32,33,32,33,32,33,17,0,18,19,208,0,0,0,0,0,0,875,0,0,0,0,0,0,0,0,0,0,0,0,0,0,0,0,0,856,208,8,33,32,33,17,208,0,0,0,52,208,0,57,0,208,995,0,0,48,0,0,0,57,0,50,208,49,0,208,0,0,0,0,208,0,0,0,208,0,0,208,0,0,208,0,0,0,208,0,48,208,995,0,208,0,0,208,48,49,208,0,0,0,0,208,16,32,33,32,33,32,33,0,0,0,0,0,0,0,0,0,0,0,0,0,0,0,0,0,0,0,0,0,0,0,0,0,0,0,0,0,0,0,0,0,0,0,0,0,0,0,0,0,0,0,0,0,0,0,0,0,0,0,0,0,0,0,0,0,0,0,0,0,0,0,0,0,0,0,0,0,0,0,0,0,0,0,0,0,0,0,0,0,0,0,0,16,32,33,32,33,32,33,,,,,
33,32,33,32,33,32,9,10,11,0,208,0,0,0,0,0,0,0,0,0,0,0,0,0,0,0,0,0,0,0,0,0,0,0,0,0,208,16,32,33,32,9,208,0,0,0,0,208,0,0,0,208,0,0,0,0,0,49,0,0,0,0,208,0,0,208,48,0,210,216,213,211,0,0,217,49,0,208,0,49,208,995,0,0,208,56,0,208,0,0,218,216,216,219,0,0,217,235,0,0,0,208,8,33,32,33,32,33,32,0,0,0,0,0,0,0,0,0,0,0,0,0,0,0,0,0,0,0,0,0,0,0,0,0,0,0,0,0,0,0,0,0,0,0,0,0,0,0,0,0,0,0,0,0,0,0,0,0,0,0,0,0,0,0,0,0,0,0,0,0,0,0,0,0,0,0,0,0,0,0,0,0,0,0,0,0,0,0,0,0,0,0,0,8,33,32,33,32,33,32,,,,,
32,33,32,33,32,33,17,26,27,0,208,0,0,0,0,0,0,0,0,0,0,0,0,0,0,0,0,0,0,0,0,0,0,0,0,0,208,8,33,32,33,17,208,0,0,49,0,208,49,0,0,208,0,0,210,216,216,216,216,216,216,216,222,49,0,208,0,0,208,0,0,208,49,0,0,0,0,208,48,0,208,0,48,0,208,0,0,208,0,56,0,0,0,0,49,0,0,0,0,0,0,208,16,32,33,32,33,32,33,0,0,0,0,0,0,0,0,0,0,0,0,0,0,0,0,0,0,0,0,0,0,0,0,0,0,0,0,0,0,0,0,0,0,0,0,0,0,0,0,0,0,0,0,0,0,0,0,0,0,0,0,0,0,0,0,0,0,0,0,0,0,0,0,0,0,0,0,0,0,0,0,0,0,0,0,0,0,0,0,0,0,0,0,16,32,33,32,33,32,33,,,,,
33,32,33,32,33,32,9,18,19,0,208,298,298,210,216,216,216,216,216,216,216,216,216,216,216,216,216,216,216,216,216,216,216,216,216,216,219,16,17,16,17,0,208,0,0,0,49,208,0,0,0,208,0,48,208,994,0,0,0,57,0,0,208,0,49,208,0,49,208,48,0,217,0,0,0,0,0,208,0,0,208,0,0,0,208,49,48,208,48,0,0,48,0,49,0,0,0,0,0,0,0,208,8,33,32,33,32,33,32,0,0,0,0,0,0,0,0,0,0,0,0,0,0,0,0,0,0,0,0,0,0,0,0,0,0,0,0,0,0,0,0,0,0,0,0,0,0,0,0,0,0,0,0,0,0,0,0,0,0,0,0,0,0,0,0,0,0,0,0,0,0,0,0,0,0,0,0,0,0,0,0,0,0,0,0,0,0,0,0,0,0,0,0,8,33,32,33,32,33,32,,,,,
32,33,32,33,32,33,17,0,10,11,208,298,298,208,8,9,8,9,8,9,8,9,8,9,8,9,8,9,8,9,8,9,8,9,8,9,8,9,8,9,8,9,208,0,49,0,0,208,48,0,0,208,0,0,208,48,0,56,0,0,0,50,208,0,0,208,0,0,208,0,0,0,0,0,209,48,0,208,49,48,208,0,49,0,208,0,0,208,0,49,209,0,0,210,216,216,211,0,0,0,0,208,16,32,33,32,33,32,33,0,0,0,0,0,0,0,0,0,0,0,0,0,0,0,0,0,0,0,0,0,0,0,0,0,0,0,0,0,0,0,0,0,0,0,0,0,0,0,0,0,0,0,0,0,0,0,0,0,0,0,0,0,0,0,0,0,0,0,0,0,0,0,0,0,0,0,0,0,0,0,0,0,0,0,0,0,0,0,0,0,0,0,0,16,32,33,32,33,32,33,,,,,
33,32,33,32,33,32,9,0,26,27,208,298,298,208,16,32,33,32,33,32,33,32,33,32,33,32,33,32,33,32,33,32,33,32,33,32,33,32,33,32,33,17,208,0,0,0,0,208,0,0,0,208,49,0,208,0,0,0,0,0,0,0,208,0,0,208,0,0,208,995,0,49,0,48,208,0,0,208,0,0,208,0,0,0,217,0,57,208,0,0,208,0,0,208,0,995,208,0,0,0,0,208,8,33,32,33,32,33,32,0,0,0,0,0,0,0,0,0,0,0,0,0,0,0,0,0,0,0,0,0,0,0,0,0,0,0,0,0,0,0,0,0,0,0,0,0,0,0,0,0,0,0,0,0,0,0,0,0,0,0,0,0,0,0,0,0,0,0,0,0,0,0,0,0,0,0,0,0,0,0,0,0,0,0,0,0,0,0,0,0,0,0,0,8,33,32,33,32,33,32,,,,,
32,33,32,33,32,33,17,0,18,19,208,298,298,208,8,33,32,33,32,33,32,33,32,33,32,33,32,33,32,33,32,33,32,33,32,33,32,33,32,33,32,9,208,0,0,0,0,208,0,49,0,208,0,0,208,0,0,210,216,216,216,216,219,49,0,208,49,0,218,216,216,212,0,0,208,0,49,208,0,0,208,0,0,0,0,48,0,208,0,0,208,50,49,208,0,0,208,0,0,0,0,208,16,32,33,32,33,32,33,0,0,0,0,0,0,0,0,0,0,0,0,0,0,0,0,0,0,0,0,0,0,0,0,0,0,0,0,0,0,0,0,0,0,0,0,0,0,0,0,0,0,0,0,0,0,0,0,0,0,0,0,0,0,0,0,0,0,0,0,0,0,0,0,0,0,0,0,0,0,0,0,0,0,0,0,0,0,0,0,0,0,0,0,16,32,33,32,33,32,33,,,,,
33,32,33,32,33,32,9,10,11,0,208,298,298,208,16,32,33,32,33,32,33,32,33,32,33,32,33,32,33,32,33,32,33,32,33,32,33,32,33,32,33,17,208,0,48,0,0,208,0,0,0,208,0,0,208,0,0,208,995,0,0,56,0,0,48,208,0,0,0,0,0,0,0,0,208,0,0,208,0,49,208,48,0,0,0,0,0,208,49,0,208,0,0,208,0,48,208,0,0,0,0,208,8,33,32,33,32,33,32,0,0,0,0,0,0,0,0,0,0,0,0,0,0,0,0,0,0,0,0,0,0,0,0,0,0,0,0,0,0,0,0,0,0,0,0,0,0,0,0,0,0,0,0,0,0,0,0,0,0,0,0,0,0,0,0,0,0,0,0,0,0,0,0,0,0,0,0,0,0,0,0,0,0,0,0,0,0,0,0,0,0,0,0,8,33,32,33,32,33,32,,,,,
32,33,32,33,32,33,17,26,27,0,208,298,298,208,8,33,32,33,32,33,32,33,32,33,32,33,32,33,32,33,32,33,32,33,32,33,32,33,32,33,32,9,208,0,0,0,48,208,0,0,0,208,49,0,208,0,49,208,0,0,0,0,0,0,994,208,1010,0,0,0,0,0,49,0,208,49,0,218,216,216,213,216,216,216,212,0,0,217,0,0,208,0,0,208,0,0,208,0,0,0,0,208,16,32,33,32,33,32,33,0,0,0,0,0,0,0,0,0,0,0,0,0,0,0,0,0,0,0,0,0,0,0,0,0,0,0,0,0,0,0,0,0,0,0,0,0,0,0,0,0,0,0,0,0,0,0,0,0,0,0,0,0,0,0,0,0,0,0,0,0,0,0,0,0,0,0,0,0,0,0,0,0,0,0,0,0,0,0,0,0,0,0,0,16,32,33,32,33,32,33,,,,,
33,32,33,32,33,32,9,18,19,0,208,298,298,208,16,32,33,32,33,32,33,32,33,32,33,32,33,32,33,32,33,32,33,32,33,32,33,32,33,32,33,17,208,0,0,0,0,208,0,0,0,208,0,0,208,0,0,208,48,0,220,216,216,216,216,213,216,216,211,0,0,0,0,0,208,0,0,0,0,56,0,0,0,0,0,48,0,0,0,48,208,49,0,208,49,0,208,0,0,0,0,208,8,33,32,33,32,33,32,0,0,0,0,0,0,0,0,0,0,0,0,0,0,0,0,0,0,0,0,0,0,0,0,0,0,0,0,0,0,0,0,0,0,0,0,0,0,0,0,0,0,0,0,0,0,0,0,0,0,0,0,0,0,0,0,0,0,0,0,0,0,0,0,0,0,0,0,0,0,0,0,0,0,0,0,0,0,0,0,0,0,0,0,8,33,32,33,32,33,32,,,,,
32,33,32,33,32,33,17,0,10,11,208,298,298,208,8,33,32,33,32,33,32,33,32,33,32,33,32,33,32,33,32,33,32,33,32,33,32,33,32,33,32,9,208,0,0,50,0,208,49,0,56,208,48,0,208,49,0,208,0,0,0,0,48,0,0,56,0,0,208,0,56,0,0,48,208,0,48,0,0,0,0,49,0,48,0,0,0,49,0,0,208,0,0,208,0,0,208,0,0,0,0,208,16,32,33,32,33,32,33,0,0,0,0,0,0,0,0,0,0,0,0,0,0,0,0,0,0,0,0,0,0,0,0,0,0,0,0,0,0,0,0,0,0,0,0,0,0,0,0,0,0,0,0,0,0,0,0,0,0,0,0,0,0,0,0,0,0,0,0,0,0,0,0,0,0,0,0,0,0,0,0,0,0,0,0,0,0,0,0,0,0,0,0,16,32,33,32,33,32,33,,,,,
33,32,33,32,33,32,9,0,26,27,208,298,298,208,16,32,33,32,33,32,33,32,33,32,33,32,33,32,33,32,33,32,33,32,33,32,33,32,33,32,33,17,208,0,49,0,0,208,0,0,0,208,0,49,208,0,49,208,0,0,0,0,0,0,0,0,0,0,208,49,0,0,0,0,208,48,0,209,0,0,209,0,0,0,220,216,216,216,216,216,222,0,49,217,0,0,208,0,0,0,0,208,8,33,32,33,32,33,32,0,0,0,0,0,0,0,0,0,0,0,0,0,0,0,0,0,0,0,0,0,0,0,0,0,0,0,0,0,0,0,0,0,0,0,0,0,0,0,0,0,0,0,0,0,0,0,0,0,0,0,0,0,0,0,0,0,0,0,0,0,0,0,0,0,0,0,0,0,0,0,0,0,0,0,0,0,0,0,0,0,0,0,0,8,33,32,33,32,33,32,,,,,
32,33,32,33,32,33,17,0,18,19,208,298,298,208,8,33,32,33,32,33,32,33,32,33,32,33,32,33,32,33,32,33,32,33,32,33,32,33,32,33,32,9,208,0,0,0,0,208,0,0,0,208,0,0,208,0,0,208,0,48,210,216,216,211,49,0,210,216,222,0,0,50,57,0,208,0,0,208,49,0,208,0,0,0,56,0,49,0,0,48,208,0,0,0,48,0,208,0,0,0,0,208,16,32,33,32,33,32,33,0,0,0,0,0,0,0,0,0,0,0,0,0,0,0,0,0,0,0,0,0,0,0,0,0,0,0,0,0,0,0,0,0,0,0,0,0,0,0,0,0,0,0,0,0,0,0,0,0,0,0,0,0,0,0,0,0,0,0,0,0,0,0,0,0,0,0,0,0,0,0,0,0,0,0,0,0,0,0,0,0,0,0,0,16,32,33,32,33,32,33,,,,,
33,32,33,32,33,32,9,10,11,0,208,298,298,208,16,32,33,32,33,32,33,32,33,32,33,32,33,32,33,32,33,32,33,32,33,32,33,32,33,32,33,17,208,0,0,0,49,208,0,0,0,208,0,0,208,0,0,208,0,0,208,995,0,208,0,0,208,0,208,0,0,0,0,0,208,0,56,208,0,0,208,0,49,0,0,0,0,0,49,0,208,48,0,0,0,0,208,0,0,0,0,208,8,33,32,33,32,33,32,0,0,0,0,0,0,0,0,0,0,0,0,0,0,0,0,0,0,0,0,0,0,0,0,0,0,0,0,0,0,0,0,0,0,0,0,0,0,0,0,0,0,0,0,0,0,0,0,0,0,0,0,0,0,0,0,0,0,0,0,0,0,0,0,0,0,0,0,0,0,0,0,0,0,0,0,0,0,0,0,0,0,0,0,8,33,32,33,32,33,32,,,,,
32,33,32,33,32,33,17,26,27,0,208,298,298,208,8,33,32,33,32,33,32,33,32,33,32,33,32,33,32,33,32,33,32,33,32,33,32,33,32,33,32,9,208,0,0,0,0,208,0,0,48,208,0,0,208,49,0,208,0,0,208,0,0,208,0,48,208,0,208,0,48,0,0,49,208,0,0,208,48,0,208,0,0,0,220,216,216,216,216,216,222,0,48,209,50,49,208,0,0,0,0,208,16,32,33,32,33,32,33,0,0,0,0,0,0,0,0,0,0,0,0,0,0,0,0,0,0,0,0,0,0,0,0,0,0,0,0,0,0,0,0,0,0,0,0,0,0,0,0,0,0,0,0,0,0,0,0,0,0,0,0,0,0,0,0,0,0,0,0,0,0,0,0,0,0,0,0,0,0,0,0,0,0,0,0,0,0,0,0,0,0,0,0,16,32,33,32,33,32,33,,,,,
33,32,33,32,33,32,9,18,19,0,208,298,298,208,16,32,33,32,33,32,33,32,33,32,33,32,33,32,33,32,33,32,33,32,33,32,33,32,33,32,33,17,208,0,48,0,0,208,0,0,0,208,49,0,208,0,50,208,49,0,208,49,50,208,0,0,208,0,208,0,0,0,0,0,208,0,48,208,0,0,208,0,0,0,0,0,0,0,0,0,208,0,0,208,0,0,208,0,0,0,0,208,8,33,32,33,32,33,32,0,0,0,0,0,0,0,0,0,0,0,0,0,0,0,0,0,0,0,0,0,0,0,0,0,0,0,0,0,0,0,0,0,0,0,0,0,0,0,0,0,0,0,0,0,0,0,0,0,0,0,0,0,0,0,0,0,0,0,0,0,0,0,0,0,0,0,0,0,0,0,0,0,0,0,0,0,0,0,0,0,0,0,0,8,33,32,33,32,33,32,,,,,
32,33,32,33,32,33,17,0,10,11,208,298,298,208,8,33,32,33,32,33,32,33,32,33,32,33,32,33,32,33,32,33,32,33,32,33,32,33,32,33,32,9,208,0,0,0,0,208,0,0,0,208,0,0,208,0,0,208,0,0,208,0,0,208,48,0,208,0,208,49,0,0,0,995,208,0,0,208,0,0,208,0,0,49,0,0,0,0,0,0,208,49,0,208,0,0,208,0,0,0,0,208,16,32,33,32,33,32,33,0,0,0,0,0,0,0,0,0,0,0,0,0,0,0,0,0,0,0,0,0,0,0,0,0,0,0,0,0,0,0,0,0,0,0,0,0,0,0,0,0,0,0,0,0,0,0,0,0,0,0,0,0,0,0,0,0,0,0,0,0,0,0,0,0,0,0,0,0,0,0,0,0,0,0,0,0,0,0,0,0,0,0,0,16,32,33,32,33,32,33,,,,,
33,32,33,32,33,32,9,0,26,27,208,298,298,208,16,17,16,17,16,17,16,17,16,17,16,17,16,17,16,17,16,17,16,17,16,17,16,17,16,17,16,17,208,0,0,0,49,208,48,0,0,208,48,0,208,48,0,208,0,0,208,48,0,208,0,0,208,56,208,0,0,220,216,216,219,49,0,208,0,49,208,0,0,0,210,216,216,216,216,216,219,0,50,208,50,0,208,0,0,0,0,208,8,33,32,33,32,33,32,0,0,0,0,0,0,0,0,0,0,0,0,0,0,0,0,0,0,0,0,0,0,0,0,0,0,0,0,0,0,0,0,0,0,0,0,0,0,0,0,0,0,0,0,0,0,0,0,0,0,0,0,0,0,0,0,0,0,0,0,0,0,0,0,0,0,0,0,0,0,0,0,0,0,0,0,0,0,0,0,0,0,0,0,8,33,32,33,32,33,32,,,,,
32,33,32,33,32,33,17,0,18,19,208,298,298,218,216,216,216,216,216,216,216,216,216,216,216,216,216,216,216,216,216,216,216,216,216,216,216,216,216,216,216,216,219,0,54,48,0,208,0,0,0,208,0,0,208,0,0,208,0,49,208,0,0,208,0,0,208,0,208,0,0,0,0,0,49,0,0,208,0,0,208,0,0,0,208,995,0,0,49,0,48,0,0,208,0,48,208,0,0,0,0,208,16,32,33,32,33,32,33,0,0,0,0,0,0,0,0,0,0,0,0,0,0,0,0,0,0,0,0,0,0,0,0,0,0,0,0,0,0,0,0,0,0,0,0,0,0,0,0,0,0,0,0,0,0,0,0,0,0,0,0,0,0,0,0,0,0,0,0,0,0,0,0,0,0,0,0,0,0,0,0,0,0,0,0,0,0,0,0,0,0,0,0,16,32,33,32,33,32,33,,,,,
33,32,33,32,33,32,9,10,11,0,208,298,298,298,298,298,298,298,298,298,298,298,298,298,298,298,298,298,298,298,298,298,298,298,298,298,298,298,298,298,298,298,298,0,0,0,0,208,0,49,0,208,0,0,208,0,48,208,0,0,208,0,49,208,0,48,208,0,208,0,0,0,49,0,0,0,1010,208,0,0,208,49,0,0,208,49,0,0,0,0,0,0,995,208,0,0,208,0,0,0,0,208,8,33,32,33,32,33,32,0,0,0,0,0,0,0,0,0,0,0,0,0,0,0,0,0,0,0,0,0,0,0,0,0,0,0,0,0,0,0,0,0,0,0,0,0,0,0,0,0,0,0,0,0,0,0,0,0,0,0,0,0,0,0,0,0,0,0,0,0,0,0,0,0,0,0,0,0,0,0,0,0,0,0,0,0,0,0,0,0,0,0,0,8,33,32,33,32,33,32,,,,,
32,33,32,33,32,33,17,26,27,0,208,298,298,298,298,298,298,298,298,298,298,298,298,298,298,298,298,298,298,298,298,298,298,298,298,298,298,298,298,298,298,298,298,0,0,0,0,208,0,0,0,208,0,49,208,49,0,208,48,0,208,0,0,208,0,0,208,0,208,0,0,210,216,216,216,216,216,219,48,0,208,0,0,0,208,0,0,210,216,216,216,216,216,219,0,0,208,0,0,0,0,208,16,32,33,32,33,32,33,0,0,0,0,0,0,0,0,0,0,0,0,0,0,0,0,0,0,0,0,0,0,0,0,0,0,0,0,0,0,0,0,0,0,0,0,0,0,0,0,0,0,0,0,0,0,0,0,0,0,0,0,0,0,0,0,0,0,0,0,0,0,0,0,0,0,0,0,0,0,0,0,0,0,0,0,0,0,0,0,0,0,0,0,16,32,33,32,33,32,33,,,,,
33,32,33,32,33,32,9,18,19,0,218,216,216,216,216,216,216,216,216,216,216,216,216,216,216,216,216,216,216,216,216,216,216,216,216,216,216,216,216,216,216,216,211,0,0,0,0,208,0,0,0,208,0,0,208,0,0,208,0,0,208,50,0,208,49,0,208,50,208,56,50,208,995,0,0,0,0,0,0,0,208,0,0,49,208,48,48,208,994,0,0,0,0,0,49,0,208,0,0,0,0,208,8,33,32,33,32,33,32,0,0,0,0,0,0,0,0,0,0,0,0,0,0,0,0,0,0,0,0,0,0,0,0,0,0,0,0,0,0,0,0,0,0,0,0,0,0,0,0,0,0,0,0,0,0,0,0,0,0,0,0,0,0,0,0,0,0,0,0,0,0,0,0,0,0,0,0,0,0,0,0,0,0,0,0,0,0,0,0,0,0,0,0,8,33,32,33,32,33,32,,,,,
32,33,32,33,32,33,17,8,9,8,9,8,9,8,9,8,9,8,9,8,9,8,9,8,9,8,9,8,9,8,9,8,9,8,9,8,9,8,9,8,9,0,208,0,0,0,0,208,49,0,0,208,0,0,208,0,0,208,0,0,208,0,0,208,0,0,208,0,208,0,0,208,0,0,0,0,0,0,0,0,208,0,0,0,208,0,0,218,216,216,216,216,216,211,0,0,208,0,0,0,0,208,16,32,33,32,33,32,33,0,0,0,0,0,0,0,0,0,0,0,0,0,0,0,0,0,0,0,0,0,0,0,0,0,0,0,0,0,0,0,0,0,0,0,0,0,0,0,0,0,0,0,0,0,0,0,0,0,0,0,0,0,0,0,0,0,0,0,0,0,0,0,0,0,0,0,0,0,0,0,0,0,0,0,0,0,0,0,0,0,0,0,0,16,32,33,32,33,32,33,,,,,
33,32,33,32,33,32,9,16,32,33,32,33,32,33,32,33,32,33,32,33,32,33,32,33,32,33,32,33,32,33,32,33,32,33,32,33,32,33,32,33,32,9,208,0,0,0,48,208,0,0,0,208,0,0,208,0,49,208,0,49,208,0,0,208,48,50,208,49,208,0,0,208,57,0,208,0,49,208,49,0,208,49,0,0,208,0,48,0,49,0,0,0,995,208,0,0,217,0,0,0,0,208,8,33,32,33,32,33,32,0,0,0,0,0,0,0,0,0,0,0,0,0,0,0,0,0,0,0,0,0,0,0,0,0,0,0,0,0,0,0,0,0,0,0,0,0,0,0,0,0,0,0,0,0,0,0,0,0,0,0,0,0,0,0,0,0,0,0,0,0,0,0,0,0,0,0,0,0,0,0,0,0,0,0,0,0,0,0,0,0,0,0,0,8,33,32,33,32,33,32,,,,,
32,33,32,33,32,33,17,8,33,32,33,32,33,32,33,32,33,32,33,32,33,32,33,32,33,32,33,32,33,32,33,32,33,32,33,32,33,32,33,32,33,17,208,0,55,0,0,208,0,0,0,208,49,0,208,0,0,208,0,0,208,0,48,208,0,0,208,0,208,48,0,208,0,0,208,0,0,208,0,57,208,0,0,0,208,995,0,0,0,0,49,0,0,208,0,48,0,0,0,0,0,208,16,32,33,32,33,32,33,0,0,0,0,0,0,0,0,0,0,0,0,0,0,0,0,0,0,0,0,0,0,0,0,0,0,0,0,0,0,0,0,0,0,0,0,0,0,0,0,0,0,0,0,0,0,0,0,0,0,0,0,0,0,0,0,0,0,0,0,0,0,0,0,0,0,0,0,0,0,0,0,0,0,0,0,0,0,0,0,0,0,0,0,16,32,33,32,33,32,33,,,,,
33,32,33,32,33,32,9,16,32,33,32,33,32,33,32,33,32,33,32,33,32,33,32,33,32,33,32,33,32,33,32,33,32,33,32,33,32,33,32,33,32,9,208,0,0,0,0,208,0,0,0,208,0,0,208,48,0,208,0,0,208,0,0,208,0,0,208,0,208,0,0,221,216,216,219,0,0,208,0,995,208,0,48,49,218,216,216,216,216,216,211,50,49,208,0,0,0,0,0,0,0,208,8,33,32,33,32,33,32,0,0,0,0,0,0,0,0,0,0,0,0,0,0,0,0,0,0,0,0,0,0,0,0,0,0,0,0,0,0,0,0,0,0,0,0,0,0,0,0,0,0,0,0,0,0,0,0,0,0,0,0,0,0,0,0,0,0,0,0,0,0,0,0,0,0,0,0,0,0,0,0,0,0,0,0,0,0,0,0,0,0,0,0,8,33,32,33,32,33,32,,,,,
32,33,32,33,32,33,17,8,33,32,33,32,33,32,33,32,33,32,33,32,33,32,33,32,33,32,33,32,33,32,33,32,33,32,33,32,33,32,33,32,33,17,208,0,0,48,0,208,0,0,0,208,0,0,208,0,0,208,48,0,208,49,0,208,0,48,208,57,208,0,49,208,0,0,0,0,0,221,216,216,219,0,0,0,0,0,49,0,0,0,208,0,0,208,0,0,209,0,0,0,0,208,16,32,33,32,33,32,33,0,0,0,0,0,0,0,0,0,0,0,0,0,0,0,0,0,0,0,0,0,0,0,0,0,0,0,0,0,0,0,0,0,0,0,0,0,0,0,0,0,0,0,0,0,0,0,0,0,0,0,0,0,0,0,0,0,0,0,0,0,0,0,0,0,0,0,0,0,0,0,0,0,0,0,0,0,0,0,0,0,0,0,0,16,32,33,32,33,32,33,,,,,
33,32,33,32,33,32,9,16,32,33,32,33,32,33,32,33,32,33,32,33,32,33,32,33,32,33,32,33,32,33,32,33,32,33,32,33,32,33,32,33,32,9,208,0,49,0,0,208,57,0,0,208,1024,0,208,0,995,208,0,0,208,0,0,208,0,0,208,0,208,0,0,208,56,0,48,0,0,208,995,0,0,0,49,0,48,0,0,0,48,0,208,0,0,208,0,50,208,0,0,0,0,208,8,33,32,33,32,33,32,0,0,0,0,0,0,0,0,0,0,0,0,0,0,0,0,0,0,0,0,0,0,0,0,0,0,0,0,0,0,0,0,0,0,0,0,0,0,0,0,0,0,0,0,0,0,0,0,0,0,0,0,0,0,0,0,0,0,0,0,0,0,0,0,0,0,0,0,0,0,0,0,0,0,0,0,0,0,0,0,0,0,0,0,8,33,32,33,32,33,32,,,,,
32,33,32,33,32,33,17,8,33,32,33,32,33,32,33,32,33,32,33,32,33,32,33,32,33,32,33,32,33,32,33,32,33,32,33,32,33,32,33,32,33,17,208,0,0,0,0,208,0,48,210,213,216,216,213,216,216,219,0,0,208,0,49,208,49,0,208,0,208,0,0,208,0,0,0,0,0,208,0,0,49,0,0,210,216,216,216,211,0,0,208,49,0,208,49,0,208,0,0,0,0,208,16,32,33,32,33,32,33,0,0,0,0,0,0,0,0,0,0,0,0,0,0,0,0,0,0,0,0,0,0,0,0,0,0,0,0,0,0,0,0,0,0,0,0,0,0,0,0,0,0,0,0,0,0,0,0,0,0,0,0,0,0,0,0,0,0,0,0,0,0,0,0,0,0,0,0,0,0,0,0,0,0,0,0,0,0,0,0,0,0,0,0,16,32,33,32,33,32,33,,,,,
33,32,33,32,33,32,9,16,17,16,17,16,17,16,17,16,17,16,17,16,17,16,17,16,17,16,17,16,17,16,17,16,17,16,17,33,32,33,32,33,32,9,208,0,49,0,0,208,0,0,208,995,0,0,0,0,0,0,0,0,208,48,0,208,0,0,208,0,208,49,0,208,0,48,0,0,0,208,0,0,0,0,0,208,994,0,0,217,0,49,208,0,0,208,0,0,208,0,0,0,0,208,8,33,32,33,32,33,32,0,0,0,0,0,0,0,0,0,0,0,0,0,0,0,0,0,0,0,0,0,0,0,0,0,0,0,0,0,0,0,0,0,0,0,0,0,0,0,0,0,0,0,0,0,0,0,0,0,0,0,0,0,0,0,0,0,0,0,0,0,0,0,0,0,0,0,0,0,0,0,0,0,0,0,0,0,0,0,0,0,0,0,0,8,33,32,33,32,33,32,,,,,
32,33,32,33,32,33,17,0,0,0,0,0,0,0,0,0,0,0,0,0,0,0,0,0,0,0,0,0,0,0,0,0,0,0,0,32,33,32,33,32,33,17,208,0,0,0,0,208,0,0,208,0,0,0,0,0,0,0,0,995,208,0,0,208,0,49,208,48,208,0,0,208,0,0,210,216,216,219,49,0,0,48,0,208,0,0,49,0,0,0,208,0,48,208,48,0,208,0,0,0,0,208,16,32,33,32,33,32,33,0,0,0,0,0,0,0,0,0,0,0,0,0,0,0,0,0,0,0,0,0,0,0,0,0,0,0,0,0,0,0,0,0,0,0,0,0,0,0,0,0,0,0,0,0,0,0,0,0,0,0,0,0,0,0,0,0,0,0,0,0,0,0,0,0,0,0,0,0,0,0,0,0,0,0,0,0,0,0,0,0,0,0,0,16,32,33,32,33,32,33,,,,,
33,32,33,32,33,32,9,0,0,0,0,0,0,0,0,0,0,0,0,0,0,0,0,0,0,0,0,0,0,0,0,0,0,0,0,33,32,33,32,33,32,9,208,0,0,0,0,208,0,0,208,49,0,210,216,216,216,216,216,216,219,0,48,208,0,0,208,0,208,0,0,208,49,0,208,995,0,0,0,57,48,0,0,208,48,0,0,0,48,0,208,0,0,208,0,0,208,0,0,0,0,208,8,33,32,33,32,33,32,0,0,0,0,0,0,0,0,0,0,0,0,0,0,0,0,0,0,0,0,0,0,0,0,0,0,0,0,0,0,0,0,0,0,0,0,0,0,0,0,0,0,0,0,0,0,0,0,0,0,0,0,0,0,0,0,0,0,0,0,0,0,0,0,0,0,0,0,0,0,0,0,0,0,0,0,0,0,0,0,0,0,0,0,8,33,32,33,32,33,32,,,,,
32,33,32,33,32,33,17,0,0,0,0,0,0,0,0,0,0,0,0,0,0,0,0,0,0,0,0,0,0,0,0,0,0,0,0,32,33,32,33,32,33,17,208,0,0,49,0,208,49,0,208,0,0,208,995,0,0,0,0,0,0,49,0,208,48,0,208,0,208,48,0,208,0,49,208,0,48,0,0,0,0,0,0,208,0,0,0,209,0,0,208,49,0,208,0,49,208,0,0,0,0,208,16,32,33,32,33,32,33,0,0,0,0,0,0,0,0,0,0,0,0,0,0,0,0,0,0,0,0,0,0,0,0,0,0,0,0,0,0,0,0,0,0,0,0,0,0,0,0,0,0,0,0,0,0,0,0,0,0,0,0,0,0,0,0,0,0,0,0,0,0,0,0,0,0,0,0,0,0,0,0,0,0,0,0,0,0,0,0,0,0,0,0,16,32,33,32,33,32,33,,,,,
33,32,33,32,33,32,9,0,0,0,0,0,0,0,0,0,0,0,0,0,0,0,0,0,0,0,0,0,0,0,0,0,0,0,0,33,32,33,32,33,32,9,208,0,0,0,49,208,0,0,208,0,0,208,48,0,0,50,0,48,0,0,995,208,0,0,208,56,208,0,0,208,0,0,208,0,0,209,49,0,209,0,49,208,0,49,0,208,0,0,208,0,0,208,0,0,208,0,0,0,0,208,8,33,32,33,32,33,32,0,0,0,0,0,0,0,0,0,0,0,0,0,0,0,0,0,0,0,0,0,0,0,0,0,0,0,0,0,0,0,0,0,0,0,0,0,0,0,0,0,0,0,0,0,0,0,0,0,0,0,0,0,0,0,0,0,0,0,0,0,0,0,0,0,0,0,0,0,0,0,0,0,0,0,0,0,0,0,0,0,0,0,0,8,33,32,33,32,33,32,,,,,
32,33,32,33,32,33,17,0,0,0,0,0,0,0,0,0,0,0,0,0,0,0,0,0,0,0,0,0,0,0,0,0,0,0,0,32,33,32,33,32,33,17,208,0,49,0,0,208,0,50,208,48,49,208,0,0,210,216,216,216,216,216,216,219,0,48,208,0,208,0,48,208,48,0,208,49,0,208,0,0,208,0,0,218,216,216,216,219,0,49,208,0,0,208,0,48,208,0,0,0,0,208,16,32,33,32,33,32,33,0,0,0,0,0,0,0,0,0,0,0,0,0,0,0,0,0,0,0,0,0,0,0,0,0,0,0,0,0,0,0,0,0,0,0,0,0,0,0,0,0,0,0,0,0,0,0,0,0,0,0,0,0,0,0,0,0,0,0,0,0,0,0,0,0,0,0,0,0,0,0,0,0,0,0,0,0,0,0,0,0,0,0,0,16,32,33,32,33,32,33,,,,,
33,32,33,32,33,32,9,0,0,0,0,0,0,0,0,0,0,0,0,0,0,0,0,0,0,0,0,0,0,0,0,0,0,0,0,33,32,33,32,33,32,9,208,0,0,53,0,208,0,0,208,0,0,208,49,0,208,995,0,0,0,0,0,0,0,0,208,0,208,50,0,208,0,49,208,0,0,208,0,0,208,48,0,0,0,0,48,0,0,0,208,48,0,208,0,0,208,0,0,0,0,208,8,33,32,33,32,33,32,0,0,0,0,0,0,0,0,0,0,0,0,0,0,0,0,0,0,0,0,0,0,0,0,0,0,0,0,0,0,0,0,0,0,0,0,0,0,0,0,0,0,0,0,0,0,0,0,0,0,0,0,0,0,0,0,0,0,0,0,0,0,0,0,0,0,0,0,0,0,0,0,0,0,0,0,0,0,0,0,0,0,0,0,8,33,32,33,32,33,32,,,,,
32,33,32,33,32,33,17,0,0,0,0,0,0,0,0,0,0,0,0,0,0,0,0,0,0,0,0,0,0,0,0,0,0,0,0,32,33,32,33,32,33,17,208,0,0,0,0,208,0,0,208,0,0,208,0,0,208,0,0,0,0,0,56,0,0,995,208,0,208,0,0,208,48,0,208,0,56,208,48,0,208,0,0,48,0,0,0,0,0,0,208,0,0,208,0,0,208,0,0,0,0,208,16,32,33,32,33,32,33,0,0,0,0,0,0,0,0,0,0,0,0,0,0,0,0,0,0,0,0,0,0,0,0,0,0,0,0,0,0,0,0,0,0,0,0,0,0,0,0,0,0,0,0,0,0,0,0,0,0,0,0,0,0,0,0,0,0,0,0,0,0,0,0,0,0,0,0,0,0,0,0,0,0,0,0,0,0,0,0,0,0,0,0,16,32,33,32,33,32,33,,,,,
33,32,33,32,33,32,9,0,0,0,0,0,0,0,0,0,0,0,0,0,0,0,0,0,0,0,0,0,0,0,0,0,0,0,0,33,32,33,32,33,32,9,208,0,48,0,0,208,0,0,208,49,0,208,0,0,208,48,0,210,216,216,216,216,216,216,219,0,208,0,49,208,0,0,208,0,0,208,0,49,208,49,0,0,49,0,210,216,216,216,219,0,48,208,49,0,208,0,0,0,0,208,8,33,32,33,32,33,32,0,0,0,0,0,0,0,0,0,0,0,0,0,0,0,0,0,0,0,0,0,0,0,0,0,0,0,0,0,0,0,0,0,0,0,0,0,0,0,0,0,0,0,0,0,0,0,0,0,0,0,0,0,0,0,0,0,0,0,0,0,0,0,0,0,0,0,0,0,0,0,0,0,0,0,0,0,0,0,0,0,0,0,0,8,33,32,33,32,33,32,,,,,
32,33,32,33,32,33,17,0,0,0,0,0,0,0,0,0,0,0,0,0,0,0,0,0,0,0,0,0,0,0,0,0,0,0,0,32,33,32,33,32,33,17,208,0,0,0,48,208,56,0,208,0,0,208,50,0,208,0,49,208,0,0,0,0,0,0,0,48,208,0,0,208,49,0,208,0,49,208,49,0,208,0,0,0,0,0,208,0,0,49,0,0,0,208,0,0,208,0,0,0,0,208,16,32,33,32,33,32,33,0,0,0,0,0,0,0,0,0,0,0,0,0,0,0,0,0,0,0,0,0,0,0,0,0,0,0,0,0,0,0,0,0,0,0,0,0,0,0,0,0,0,0,0,0,0,0,0,0,0,0,0,0,0,0,0,0,0,0,0,0,0,0,0,0,0,0,0,0,0,0,0,0,0,0,0,0,0,0,0,0,0,0,0,16,32,33,32,33,32,33,,,,,
33,32,33,32,33,32,9,0,0,0,0,0,0,0,0,0,0,0,0,0,0,0,0,0,0,0,0,0,0,0,0,0,0,0,0,33,32,33,32,33,32,9,208,0,0,0,0,208,0,0,208,0,48,208,0,48,208,49,0,208,0,0,0,0,0,0,0,0,208,0,48,208,0,0,208,0,0,208,0,48,208,0,0,0,0,48,208,48,0,0,0,0,995,208,0,0,208,0,0,0,0,208,8,33,32,33,32,33,32,0,0,0,0,0,0,0,0,0,0,0,0,0,0,0,0,0,0,0,0,0,0,0,0,0,0,0,0,0,0,0,0,0,0,0,0,0,0,0,0,0,0,0,0,0,0,0,0,0,0,0,0,0,0,0,0,0,0,0,0,0,0,0,0,0,0,0,0,0,0,0,0,0,0,0,0,0,0,0,0,0,0,0,0,8,33,32,33,32,33,32,,,,,
32,33,32,33,32,33,17,0,0,0,0,0,0,0,0,0,0,0,0,0,0,0,0,0,0,0,0,0,0,0,0,0,0,0,0,32,33,32,33,32,33,17,208,0,0,0,0,208,0,0,208,0,0,208,49,0,208,0,57,208,0,0,220,216,216,216,211,0,208,49,0,208,0,49,208,48,0,208,0,0,208,49,0,0,0,0,208,0,0,210,216,216,216,219,48,0,208,0,0,0,0,208,16,32,33,32,33,32,33,0,0,0,0,0,0,0,0,0,0,0,0,0,0,0,0,0,0,0,0,0,0,0,0,0,0,0,0,0,0,0,0,0,0,0,0,0,0,0,0,0,0,0,0,0,0,0,0,0,0,0,0,0,0,0,0,0,0,0,0,0,0,0,0,0,0,0,0,0,0,0,0,0,0,0,0,0,0,0,0,0,0,0,0,16,32,33,32,33,32,33,,,,,
33,32,33,32,33,32,9,0,0,0,0,0,0,0,0,0,0,0,0,0,0,0,0,0,0,0,0,0,0,0,0,0,0,0,0,33,32,33,32,33,32,9,208,0,49,0,0,208,0,0,208,48,0,208,0,0,208,0,0,208,0,0,0,0,0,226,208,0,208,0,0,208,995,0,208,0,0,208,49,0,208,0,48,0,0,0,208,49,0,208,0,49,0,49,0,0,208,0,0,0,0,208,8,33,32,33,32,33,32,0,0,0,0,0,0,0,0,0,0,0,0,0,0,0,0,0,0,0,0,0,0,0,0,0,0,0,0,0,0,0,0,0,0,0,0,0,0,0,0,0,0,0,0,0,0,0,0,0,0,0,0,0,0,0,0,0,0,0,0,0,0,0,0,0,0,0,0,0,0,0,0,0,0,0,0,0,0,0,0,0,0,0,0,8,33,32,33,32,33,32,,,,,
32,33,32,33,32,33,17,0,0,0,0,0,0,0,0,0,0,0,0,0,0,0,0,0,0,0,0,0,0,0,0,0,0,0,0,32,33,32,33,32,33,17,208,0,0,0,0,208,0,0,208,0,0,208,0,49,208,48,0,208,0,0,0,0,0,0,208,49,208,0,0,218,216,216,219,0,0,208,0,0,208,0,0,0,0,995,208,0,48,208,0,0,0,0,0,49,208,0,0,0,0,208,16,32,33,32,33,32,33,0,0,0,0,0,0,0,0,0,0,0,0,0,0,0,0,0,0,0,0,0,0,0,0,0,0,0,0,0,0,0,0,0,0,0,0,0,0,0,0,0,0,0,0,0,0,0,0,0,0,0,0,0,0,0,0,0,0,0,0,0,0,0,0,0,0,0,0,0,0,0,0,0,0,0,0,0,0,0,0,0,0,0,0,16,32,33,32,33,32,33,,,,,
33,32,33,32,33,32,9,0,0,0,0,0,0,0,0,0,0,0,0,0,0,0,0,0,0,0,0,0,0,0,0,0,0,0,0,33,32,33,32,33,32,9,208,0,0,54,49,208,0,0,208,0,49,208,48,0,208,0,0,218,216,216,216,216,216,216,219,0,208,0,49,57,0,48,0,0,0,208,48,0,208,0,0,210,216,216,219,0,0,208,0,0,210,212,0,0,208,0,0,0,0,208,8,33,32,33,32,33,32,0,0,0,0,0,0,0,0,0,0,0,0,0,0,0,0,0,0,0,0,0,0,0,0,0,0,0,0,0,0,0,0,0,0,0,0,0,0,0,0,0,0,0,0,0,0,0,0,0,0,0,0,0,0,0,0,0,0,0,0,0,0,0,0,0,0,0,0,0,0,0,0,0,0,0,0,0,0,0,0,0,0,0,0,8,33,32,33,32,33,32,,,,,
32,33,32,33,32,33,17,0,0,0,0,0,0,0,0,0,0,0,0,0,0,0,0,0,0,0,0,0,0,0,0,0,0,0,0,32,33,32,33,32,33,17,208,0,0,0,0,208,0,1047,208,0,0,208,0,0,208,0,49,0,0,0,0,0,0,0,0,48,208,0,0,0,0,0,0,49,0,208,0,49,208,0,0,208,49,0,0,0,49,208,49,0,208,0,0,0,208,0,0,0,0,208,16,32,33,32,33,32,33,0,0,0,0,0,0,0,0,0,0,0,0,0,0,0,0,0,0,0,0,0,0,0,0,0,0,0,0,0,0,0,0,0,0,0,0,0,0,0,0,0,0,0,0,0,0,0,0,0,0,0,0,0,0,0,0,0,0,0,0,0,0,0,0,0,0,0,0,0,0,0,0,0,0,0,0,0,0,0,0,0,0,0,0,16,32,33,32,33,32,33,,,,,
33,32,33,32,33,32,9,0,0,0,0,0,0,0,0,0,0,0,0,0,0,0,0,0,0,0,0,0,0,0,0,0,0,0,0,33,32,33,32,33,32,9,208,0,48,0,0,218,216,216,219,49,0,208,48,0,208,995,0,0,0,0,0,0,0,0,0,0,208,995,0,0,49,0,0,0,0,208,0,0,208,0,49,208,0,0,48,0,0,208,0,0,208,0,0,995,208,0,0,0,0,208,8,33,32,33,32,33,32,0,0,0,0,0,0,0,0,0,0,0,0,0,0,0,0,0,0,0,0,0,0,0,0,0,0,0,0,0,0,0,0,0,0,0,0,0,0,0,0,0,0,0,0,0,0,0,0,0,0,0,0,0,0,0,0,0,0,0,0,0,0,0,0,0,0,0,0,0,0,0,0,0,0,0,0,0,0,0,0,0,0,0,0,8,33,32,33,32,33,32,,,,,
32,33,32,33,32,33,17,0,0,0,0,0,0,0,0,0,0,0,0,0,0,0,0,0,0,0,0,0,0,0,0,0,0,0,0,32,33,32,33,32,33,17,208,0,0,0,0,0,0,0,0,0,0,208,0,0,218,216,216,216,216,216,216,216,216,216,212,0,221,216,216,216,216,216,212,0,49,208,0,48,208,0,0,208,48,0,210,216,216,213,216,216,213,216,216,216,219,0,0,0,0,208,16,32,33,32,33,32,33,0,0,0,0,0,0,0,0,0,0,0,0,0,0,0,0,0,0,0,0,0,0,0,0,0,0,0,0,0,0,0,0,0,0,0,0,0,0,0,0,0,0,0,0,0,0,0,0,0,0,0,0,0,0,0,0,0,0,0,0,0,0,0,0,0,0,0,0,0,0,0,0,0,0,0,0,0,0,0,0,0,0,0,0,16,32,33,32,33,32,33,,,,,
33,32,33,32,33,32,9,0,0,0,0,0,0,0,0,0,0,0,0,0,0,0,0,0,0,0,0,0,0,0,0,0,0,0,0,33,32,33,32,33,32,9,208,0,0,0,49,48,0,49,0,0,0,208,0,49,0,0,48,0,49,0,49,0,0,0,0,49,208,48,0,0,0,0,0,0,0,208,0,0,208,48,0,208,0,49,208,0,0,0,0,48,0,0,0,49,0,0,0,0,0,208,8,33,32,33,32,33,32,0,0,0,0,0,0,0,0,0,0,0,0,0,0,0,0,0,0,0,0,0,0,0,0,0,0,0,0,0,0,0,0,0,0,0,0,0,0,0,0,0,0,0,0,0,0,0,0,0,0,0,0,0,0,0,0,0,0,0,0,0,0,0,0,0,0,0,0,0,0,0,0,0,0,0,0,0,0,0,0,0,0,0,0,8,33,32,33,32,33,32,,,,,
32,33,32,33,32,33,17,0,0,0,0,0,0,0,0,0,0,0,0,0,0,0,0,0,0,0,0,0,0,0,0,0,0,0,0,32,33,32,33,32,33,17,208,0,0,48,0,0,0,0,0,48,995,208,0,0,48,49,0,49,0,48,0,0,49,0,0,0,208,0,0,0,0,49,0,0,0,208,49,0,208,0,0,208,0,0,208,49,0,0,0,0,0,48,0,0,0,0,0,0,0,208,16,32,33,32,33,32,33,0,0,0,0,0,0,0,0,0,0,0,0,0,0,0,0,0,0,0,0,0,0,0,0,0,0,0,0,0,0,0,0,0,0,0,0,0,0,0,0,0,0,0,0,0,0,0,0,0,0,0,0,0,0,0,0,0,0,0,0,0,0,0,0,0,0,0,0,0,0,0,0,0,0,0,0,0,0,0,0,0,0,0,0,16,32,33,32,33,32,33,,,,,
33,32,33,32,33,32,9,0,0,0,0,0,0,0,0,0,0,0,0,0,0,0,0,0,0,0,0,0,0,0,0,0,0,0,0,33,32,33,32,33,32,9,221,216,216,216,216,216,216,216,216,216,216,213,216,216,216,216,216,216,216,216,216,216,216,216,216,216,219,0,56,49,0,210,216,216,216,222,0,0,208,49,0,208,0,48,208,0,0,210,216,216,216,216,216,216,212,0,0,0,0,208,8,33,32,33,32,33,32,0,0,0,0,0,0,0,0,0,0,0,0,0,0,0,0,0,0,0,0,0,0,0,0,0,0,0,0,0,0,0,0,0,0,0,0,0,0,0,0,0,0,0,0,0,0,0,0,0,0,0,0,0,0,0,0,0,0,0,0,0,0,0,0,0,0,0,0,0,0,0,0,0,0,0,0,0,0,0,0,0,0,0,0,8,33,32,33,32,33,32,,,,,
32,33,32,33,32,33,17,0,0,0,0,0,0,0,0,0,0,0,0,0,0,0,0,0,0,0,0,0,0,0,0,0,0,0,0,32,33,32,33,32,33,17,208,995,48,0,0,49,0,0,0,0,50,0,0,48,0,0,0,49,0,0,0,0,0,49,0,48,0,49,0,0,0,208,0,0,49,208,0,49,208,0,0,208,48,0,208,48,48,208,1010,0,0,48,0,0,49,0,0,0,0,208,16,32,33,32,33,32,33,0,0,0,0,0,0,0,0,0,0,0,0,0,0,0,0,0,0,0,0,0,0,0,0,0,0,0,0,0,0,0,0,0,0,0,0,0,0,0,0,0,0,0,0,0,0,0,0,0,0,0,0,0,0,0,0,0,0,0,0,0,0,0,0,0,0,0,0,0,0,0,0,0,0,0,0,0,0,0,0,0,0,0,0,16,32,33,32,33,32,33,,,,,
33,32,33,32,33,32,9,0,0,0,0,0,0,0,0,0,0,0,0,0,0,0,0,0,0,0,0,0,0,0,0,0,0,0,0,33,32,33,32,33,32,9,208,994,0,49,0,0,0,48,0,0,0,0,49,0,49,0,48,0,0,0,49,0,0,0,0,0,0,0,0,0,995,208,0,48,0,208,0,0,208,995,48,208,0,0,208,0,0,208,56,0,0,0,0,0,0,0,0,0,0,208,8,33,32,33,32,33,32,0,0,0,0,0,0,0,0,0,0,0,0,0,0,0,0,0,0,0,0,0,0,0,0,0,0,0,0,0,0,0,0,0,0,0,0,0,0,0,0,0,0,0,0,0,0,0,0,0,0,0,0,0,0,0,0,0,0,0,0,0,0,0,0,0,0,0,0,0,0,0,0,0,0,0,0,0,0,0,0,0,0,0,0,8,33,32,33,32,33,32,,,,,
32,33,32,33,32,33,17,0,0,0,0,0,0,0,0,0,0,0,0,0,0,0,0,0,0,0,0,0,0,0,0,0,0,0,0,32,33,32,33,32,33,17,221,216,216,216,216,216,216,216,216,216,216,216,216,216,216,216,216,216,216,216,216,216,216,216,216,216,216,216,216,216,216,219,49,0,0,208,49,0,218,216,216,219,49,0,208,57,0,218,216,216,216,216,216,216,212,49,0,0,0,208,16,32,33,32,33,32,33,0,0,0,0,0,0,0,0,0,0,0,0,0,0,0,0,0,0,0,0,0,0,0,0,0,0,0,0,0,0,0,0,0,0,0,0,0,0,0,0,0,0,0,0,0,0,0,0,0,0,0,0,0,0,0,0,0,0,0,0,0,0,0,0,0,0,0,0,0,0,0,0,0,0,0,0,0,0,0,0,0,0,0,0,16,32,33,32,33,32,33,,,,,
33,32,33,32,33,32,9,0,0,0,0,0,0,0,0,0,0,0,0,0,0,0,0,0,0,0,0,0,0,0,0,0,0,0,0,33,32,33,32,33,32,9,208,1040,0,49,0,0,0,49,0,0,0,0,0,0,48,0,49,0,0,0,0,0,0,0,48,0,0,0,0,49,0,0,0,0,49,208,0,0,0,49,0,0,0,0,208,0,48,0,0,0,0,48,0,49,0,48,0,0,0,208,8,33,32,33,32,33,32,0,0,0,0,0,0,0,0,0,0,0,0,0,0,0,0,0,0,0,0,0,0,0,0,0,0,0,0,0,0,0,0,0,0,0,0,0,0,0,0,0,0,0,0,0,0,0,0,0,0,0,0,0,0,0,0,0,0,0,0,0,0,0,0,0,0,0,0,0,0,0,0,0,0,0,0,0,0,0,0,0,0,0,0,8,33,32,33,32,33,32,,,,,
32,33,32,33,32,33,17,0,0,0,0,0,0,0,0,0,0,0,0,0,0,0,0,0,0,0,0,0,0,0,0,0,0,0,0,32,33,32,33,32,33,17,208,1040,0,0,0,48,0,0,0,48,0,0,49,0,0,0,0,0,48,0,0,49,0,0,0,0,0,49,0,0,0,0,48,0,995,208,995,56,0,0,0,49,0,995,208,0,0,49,0,0,49,0,0,0,0,0,0,0,0,208,16,32,33,32,33,32,33,0,0,0,0,0,0,0,0,0,0,0,0,0,0,0,0,0,0,0,0,0,0,0,0,0,0,0,0,0,0,0,0,0,0,0,0,0,0,0,0,0,0,0,0,0,0,0,0,0,0,0,0,0,0,0,0,0,0,0,0,0,0,0,0,0,0,0,0,0,0,0,0,0,0,0,0,0,0,0,0,0,0,0,0,16,32,33,32,33,32,33,,,,,
33,32,33,32,33,32,9,0,0,0,0,0,0,0,0,0,0,0,0,0,0,0,0,0,0,0,0,0,0,0,0,0,0,0,0,33,32,33,32,33,32,9,218,216,216,216,216,216,216,216,216,216,216,216,216,216,216,216,216,216,216,216,216,216,216,216,216,216,216,216,216,216,216,216,216,216,216,213,216,216,216,216,216,216,216,216,213,216,216,216,216,216,216,216,216,216,216,216,216,216,216,219,8,33,32,33,32,33,32,0,0,0,0,0,0,0,0,0,0,0,0,0,0,0,0,0,0,0,0,0,0,0,0,0,0,0,0,0,0,0,0,0,0,0,0,0,0,0,0,0,0,0,0,0,0,0,0,0,0,0,0,0,0,0,0,0,0,0,0,0,0,0,0,0,0,0,0,0,0,0,0,0,0,0,0,0,0,0,0,0,0,0,0,8,33,32,33,32,33,32,,,,,
32,33,32,33,32,33,17,0,0,0,0,0,0,0,0,0,0,0,0,0,0,0,0,0,0,0,0,0,0,0,0,0,0,0,0,32,33,32,33,32,33,17,8,9,8,9,8,9,8,9,8,9,8,9,8,9,8,9,8,9,8,9,8,9,8,9,8,9,8,9,8,9,8,9,8,9,8,9,8,9,8,9,8,9,8,9,8,9,8,9,8,9,8,9,8,9,8,9,8,9,8,9,16,32,33,32,33,32,33,0,0,0,0,0,0,0,0,0,0,0,0,0,0,0,0,0,0,0,0,0,0,0,0,0,0,0,0,0,0,0,0,0,0,0,0,0,0,0,0,0,0,0,0,0,0,0,0,0,0,0,0,0,0,0,0,0,0,0,0,0,0,0,0,0,0,0,0,0,0,0,0,0,0,0,0,0,0,0,0,0,0,0,0,16,32,33,32,33,32,33,,,,,
33,32,33,32,33,32,9,0,0,0,0,0,0,0,0,0,0,0,0,0,0,0,0,0,0,0,0,0,0,0,0,0,0,0,0,33,32,33,32,33,32,9,16,32,33,32,33,32,33,32,33,32,33,32,33,32,33,32,33,32,33,32,33,32,33,32,33,32,33,32,33,32,33,32,33,32,33,32,33,32,33,32,33,32,33,32,33,32,33,32,33,32,33,32,33,32,33,32,33,32,33,17,8,33,32,33,32,33,32,0,0,0,0,0,0,0,0,0,0,0,0,0,0,0,0,0,0,0,0,0,0,0,0,0,0,0,0,0,0,0,0,0,0,0,0,0,0,0,0,0,0,0,0,0,0,0,0,0,0,0,0,0,0,0,0,0,0,0,0,0,0,0,0,0,0,0,0,0,0,0,0,0,0,0,0,0,0,0,0,0,0,0,0,8,33,32,33,32,33,32,,,,,
32,33,32,33,32,33,17,0,0,0,0,0,0,0,0,0,0,0,0,0,0,0,0,0,0,0,0,0,0,0,0,0,0,0,0,32,33,32,33,32,33,17,8,33,32,33,32,33,32,33,32,33,32,33,32,33,32,33,32,33,32,33,32,33,32,33,32,33,32,33,32,33,32,33,32,33,32,33,32,33,32,33,32,33,32,33,32,33,32,33,32,33,32,33,32,33,32,33,32,33,32,9,16,32,33,32,33,32,33,0,0,0,0,0,0,0,0,0,0,0,0,0,0,0,0,0,0,0,0,0,0,0,0,0,0,0,0,0,0,0,0,0,0,0,0,0,0,0,0,0,0,0,0,0,0,0,0,0,0,0,0,0,0,0,0,0,0,0,0,0,0,0,0,0,0,0,0,0,0,0,0,0,0,0,0,0,0,0,0,0,0,0,0,16,32,33,32,33,32,33,,,,,
33,32,33,32,33,32,9,0,0,0,0,0,0,0,0,0,0,0,0,0,0,0,0,0,0,0,0,0,0,0,0,0,0,0,0,33,32,33,32,33,32,9,16,32,33,32,33,32,33,32,33,32,33,32,33,32,33,32,33,32,33,32,33,32,33,32,33,32,33,32,33,32,33,32,33,32,33,32,33,32,33,32,33,32,33,32,33,32,33,32,33,32,33,32,33,32,33,32,33,32,33,17,8,33,32,33,32,33,32,0,0,0,0,0,0,0,0,0,0,0,0,0,0,0,0,0,0,0,0,0,0,0,0,0,0,0,0,0,0,0,0,0,0,0,0,0,0,0,0,0,0,0,0,0,0,0,0,0,0,0,0,0,0,0,0,0,0,0,0,0,0,0,0,0,0,0,0,0,0,0,0,0,0,0,0,0,0,0,0,0,0,0,0,8,33,32,33,32,33,32,,,,,
32,33,32,33,32,33,17,0,0,0,0,0,0,0,0,0,0,0,0,0,0,0,0,0,0,0,0,0,0,0,0,0,0,0,0,32,33,32,33,32,33,17,8,33,32,33,32,33,32,33,32,33,32,33,32,33,32,33,32,33,32,33,32,33,32,33,32,33,32,33,32,33,32,33,32,33,32,33,32,33,32,33,32,33,32,33,32,33,32,33,32,33,32,33,32,33,32,33,32,33,32,9,16,32,33,32,33,32,33,0,0,0,0,0,0,0,0,0,0,0,0,0,0,0,0,0,0,0,0,0,0,0,0,0,0,0,0,0,0,0,0,0,0,0,0,0,0,0,0,0,0,0,0,0,0,0,0,0,0,0,0,0,0,0,0,0,0,0,0,0,0,0,0,0,0,0,0,0,0,0,0,0,0,0,0,0,0,0,0,0,0,0,0,16,32,33,32,33,32,33,,,,,
33,32,33,32,33,32,9,0,0,0,0,0,0,0,0,0,0,0,0,0,0,0,0,0,0,0,0,0,0,0,0,0,0,0,0,33,32,33,32,33,32,9,16,32,33,32,33,32,33,32,33,32,33,32,33,32,33,32,33,32,33,32,33,32,33,32,33,32,33,32,33,32,33,32,33,32,33,32,33,32,33,32,33,32,33,32,33,32,33,32,33,32,33,32,33,32,33,32,33,32,33,17,8,33,32,33,32,33,32,0,0,0,0,0,0,0,0,0,0,0,0,0,0,0,0,0,0,0,0,0,0,0,0,0,0,0,0,0,0,0,0,0,0,0,0,0,0,0,0,0,0,0,0,0,0,0,0,0,0,0,0,0,0,0,0,0,0,0,0,0,0,0,0,0,0,0,0,0,0,0,0,0,0,0,0,0,0,0,0,0,0,0,0,8,33,32,33,32,33,32,,,,,
32,33,32,33,32,33,17,0,0,0,0,0,0,0,0,0,0,0,0,0,0,0,0,0,0,0,0,0,0,0,0,0,0,0,0,32,33,32,33,32,33,17,8,33,32,33,32,33,32,33,32,33,32,33,32,33,32,33,32,33,32,33,32,33,32,33,32,33,32,33,32,33,32,33,32,33,32,33,32,33,32,33,32,33,32,33,32,33,32,33,32,33,32,33,32,33,32,33,32,33,32,9,16,32,33,32,33,32,33,0,0,0,0,0,0,0,0,0,0,0,0,0,0,0,0,0,0,0,0,0,0,0,0,0,0,0,0,0,0,0,0,0,0,0,0,0,0,0,0,0,0,0,0,0,0,0,0,0,0,0,0,0,0,0,0,0,0,0,0,0,0,0,0,0,0,0,0,0,0,0,0,0,0,0,0,0,0,0,0,0,0,0,0,16,32,33,32,33,32,33,,,,,
33,32,33,32,33,32,9,0,0,0,0,0,0,0,0,0,0,0,0,0,0,0,0,0,0,0,0,0,0,0,0,0,0,0,0,33,32,33,32,33,32,9,16,32,33,32,33,32,33,32,33,32,33,32,33,32,33,32,33,32,33,32,33,32,33,32,33,32,33,32,33,32,33,32,33,32,33,32,33,32,33,32,33,32,33,32,33,32,33,32,33,32,33,32,33,32,33,32,33,32,33,17,8,33,32,33,32,33,32,0,0,0,0,0,0,0,0,0,0,0,0,0,0,0,0,0,0,0,0,0,0,0,0,0,0,0,0,0,0,0,0,0,0,0,0,0,0,0,0,0,0,0,0,0,0,0,0,0,0,0,0,0,0,0,0,0,0,0,0,0,0,0,0,0,0,0,0,0,0,0,0,0,0,0,0,0,0,0,0,0,0,0,0,8,33,32,33,32,33,32,,,,,
32,33,32,33,32,33,17,0,0,0,0,0,0,0,0,0,0,0,0,0,0,0,0,0,0,0,0,0,0,0,0,0,0,0,0,32,33,32,33,32,33,17,0,16,17,16,17,16,17,16,17,16,17,16,17,16,17,16,17,16,17,16,17,16,17,16,17,16,17,16,17,16,17,16,17,16,17,16,17,16,17,16,17,16,17,16,17,16,17,16,17,16,17,16,17,16,17,16,17,16,17,0,16,32,33,32,33,32,33,0,0,0,0,0,0,0,0,0,0,0,0,0,0,0,0,0,0,0,0,0,0,0,0,0,0,0,0,0,0,0,0,0,0,0,0,0,0,0,0,0,0,0,0,0,0,0,0,0,0,0,0,0,0,0,0,0,0,0,0,0,0,0,0,0,0,0,0,0,0,0,0,0,0,0,0,0,0,0,0,0,0,0,0,16,32,33,32,33,32,33,,,,,
33,32,33,32,33,32,9,0,0,0,0,0,0,0,0,0,0,0,0,0,0,0,0,0,0,0,0,0,0,0,0,0,0,0,0,33,32,33,32,33,32,9,0,0,0,0,0,0,0,0,0,0,0,0,0,0,0,0,0,0,0,0,0,0,0,0,0,0,0,0,0,0,0,0,0,0,0,0,0,0,0,0,0,0,0,0,0,0,0,0,0,0,0,0,0,0,0,0,0,0,0,0,8,33,32,33,32,33,32,0,0,0,0,0,0,0,0,0,0,0,0,0,0,0,0,0,0,0,0,0,0,0,0,0,0,0,0,0,0,0,0,0,0,0,0,0,0,0,0,0,0,0,0,0,0,0,0,0,0,0,0,0,0,0,0,0,0,0,0,0,0,0,0,0,0,0,0,0,0,0,0,0,0,0,0,0,0,0,0,0,0,0,0,8,33,32,33,32,33,32,,,,,
32,33,32,33,32,33,17,0,0,0,0,0,0,0,0,0,0,0,0,0,0,0,0,0,0,0,0,0,0,0,0,0,0,0,0,32,33,32,33,32,33,17,0,0,0,0,0,0,0,0,0,0,0,0,0,0,0,0,0,0,0,0,0,0,0,0,0,0,0,0,0,0,0,0,0,0,0,0,0,0,0,0,0,0,0,0,0,0,0,0,0,0,0,0,0,0,0,0,0,0,0,0,16,32,33,32,33,32,33,0,0,0,0,0,0,0,0,0,0,0,0,0,0,0,0,0,0,0,0,0,0,0,0,0,0,0,0,0,0,0,0,0,0,0,0,0,0,0,0,0,0,0,0,0,0,0,0,0,0,0,0,0,0,0,0,0,0,0,0,0,0,0,0,0,0,0,0,0,0,0,0,0,0,0,0,0,0,0,0,0,0,0,0,16,32,33,32,33,32,33,,,,,
33,32,33,32,33,32,9,0,0,0,0,0,0,0,0,0,0,0,0,0,0,0,0,0,0,0,0,0,0,0,0,0,0,0,0,33,32,33,32,33,32,9,0,0,0,0,0,0,0,0,0,0,0,0,0,0,0,0,0,0,0,0,0,0,0,0,0,0,0,0,0,0,0,0,0,0,0,0,0,0,0,0,0,0,0,0,0,0,0,0,0,0,0,0,0,0,0,0,0,0,0,0,8,33,32,33,32,33,32,0,0,0,0,0,0,0,0,0,0,0,0,0,0,0,0,0,0,0,0,0,0,0,0,0,0,0,0,0,0,0,0,0,0,0,0,0,0,0,0,0,0,0,0,0,0,0,0,0,0,0,0,0,0,0,0,0,0,0,0,0,0,0,0,0,0,0,0,0,0,0,0,0,0,0,0,0,0,0,0,0,0,0,0,8,33,32,33,32,33,32,,,,,
32,33,32,33,32,33,17,0,0,0,0,0,0,0,0,0,0,0,0,0,0,0,0,0,0,0,0,0,0,0,0,0,0,0,0,32,33,32,33,32,33,17,0,0,0,0,0,0,0,0,0,0,0,0,0,0,0,0,0,0,0,0,0,0,0,0,0,0,0,0,0,0,0,0,0,0,0,0,0,0,0,0,0,0,0,0,0,0,0,0,0,0,0,0,0,0,0,0,0,0,0,0,0,0,0,0,0,0,0,0,0,0,0,0,0,0,0,0,0,0,0,0,0,0,0,0,0,0,0,0,0,0,0,0,0,0,0,0,0,0,0,0,0,0,0,0,0,0,0,0,0,0,0,0,0,0,0,0,0,0,0,0,0,0,0,0,0,0,0,0,0,0,0,0,0,0,0,0,0,0,0,0,0,0,0,0,0,0,0,0,0,0,0,16,32,33,32,33,32,33,,,,,
33,32,33,32,33,32,9,0,0,0,0,0,0,0,0,0,0,0,0,0,0,0,0,0,0,0,0,0,0,0,0,0,0,0,0,33,32,33,32,33,32,9,0,0,0,0,0,0,0,0,0,0,0,0,0,0,0,0,0,0,0,0,0,0,0,0,0,0,0,0,0,0,0,0,0,0,0,0,0,0,0,0,0,0,0,0,0,0,0,0,0,0,0,0,0,0,0,0,0,0,0,0,0,0,0,0,0,0,0,0,0,0,0,0,0,0,0,0,0,0,0,0,0,0,0,0,0,0,0,0,0,0,0,0,0,0,0,0,0,0,0,0,0,0,0,0,0,0,0,0,0,0,0,0,0,0,0,0,0,0,0,0,0,0,0,0,0,0,0,0,0,0,0,0,0,0,0,0,0,0,0,0,0,0,0,0,0,0,0,0,0,0,0,8,33,32,33,32,33,32,,,,,
32,33,32,33,32,33,17,0,0,0,0,0,0,0,0,0,0,0,0,0,0,0,0,0,0,0,0,0,0,0,0,0,0,0,0,32,33,32,33,32,33,17,0,0,0,0,0,0,0,0,0,0,0,0,0,0,0,0,0,0,0,0,0,0,0,0,0,0,0,0,0,0,0,0,0,0,0,0,0,0,0,0,0,0,0,0,0,0,0,0,0,0,0,0,0,0,0,0,0,0,0,0,0,0,0,0,0,0,0,0,0,0,0,0,0,0,0,0,0,0,0,0,0,0,0,0,0,0,0,0,0,0,0,0,0,0,0,0,0,0,0,0,0,0,0,0,0,0,0,0,0,0,0,0,0,0,0,0,0,0,0,0,0,0,0,0,0,0,0,0,0,0,0,0,0,0,0,0,0,0,0,0,0,0,0,0,0,0,0,0,0,0,0,16,32,33,32,33,32,33,,,,,
33,32,33,32,33,32,9,0,0,0,0,0,0,0,0,0,0,0,0,0,0,0,0,0,0,0,0,0,0,0,0,0,0,0,0,0,0,0,0,0,0,0,0,0,0,0,0,0,0,0,0,0,0,0,0,0,0,0,0,0,0,0,0,0,0,0,0,0,0,0,0,0,0,0,0,0,0,0,0,0,0,0,0,0,0,0,0,0,0,0,0,0,0,0,0,0,0,0,0,0,0,0,0,0,0,0,0,0,0,0,0,0,0,0,0,0,0,0,0,0,0,0,0,0,0,0,0,0,0,0,0,0,0,0,0,0,0,0,0,0,0,0,0,0,0,0,0,0,0,0,0,0,0,0,0,0,0,0,0,0,0,0,0,0,0,0,0,0,0,0,0,0,0,0,0,0,0,0,0,0,0,0,0,0,0,0,0,0,0,0,0,0,0,8,33,32,33,32,33,32,,,,,
32,33,32,33,32,33,17,0,0,0,0,0,0,0,0,0,0,0,0,0,0,0,0,0,0,0,0,0,0,0,0,0,0,0,0,0,0,0,0,0,0,0,0,0,0,0,0,0,0,0,0,0,0,0,0,0,0,0,0,0,0,0,0,0,0,0,0,0,0,0,0,0,0,0,0,0,0,0,0,0,0,0,0,0,0,0,0,0,0,0,0,0,0,0,0,0,0,0,0,0,0,0,0,0,0,0,0,0,0,0,0,0,0,0,0,0,0,0,0,0,0,0,0,0,0,0,0,0,0,0,0,0,0,0,0,0,0,0,0,0,0,0,0,0,0,0,0,0,0,0,0,0,0,0,0,0,0,0,0,0,0,0,0,0,0,0,0,0,0,0,0,0,0,0,0,0,0,0,0,0,0,0,0,0,0,0,0,0,0,0,0,0,0,16,32,33,32,33,32,33,,,,,
33,32,33,32,33,32,9,0,0,0,0,0,0,0,0,0,0,0,0,0,0,0,0,0,0,0,0,0,0,0,0,0,0,0,0,0,0,0,0,0,0,0,0,0,0,0,0,0,0,0,0,0,0,0,0,0,0,0,0,0,0,0,0,0,0,0,0,0,0,0,0,0,0,0,0,0,0,0,0,0,0,0,0,0,0,0,0,0,0,0,0,0,0,0,0,0,0,0,0,0,0,0,0,0,0,0,0,0,0,0,0,0,0,0,0,0,0,0,0,0,0,0,0,0,0,0,0,0,0,0,0,0,0,0,0,0,0,0,0,0,0,0,0,0,0,0,0,0,0,0,0,0,0,0,0,0,0,0,0,0,0,0,0,0,0,0,0,0,0,0,0,0,0,0,0,0,0,0,0,0,0,0,0,0,0,0,0,0,0,0,0,0,0,8,33,32,33,32,33,32,,,,,
32,33,32,33,32,33,17,0,0,0,0,0,0,0,0,0,0,0,0,0,0,0,0,0,0,0,0,0,0,0,0,0,0,0,0,0,0,0,0,0,0,0,0,0,0,0,0,0,0,0,0,0,0,0,0,0,0,0,0,0,0,0,0,0,0,0,0,0,0,0,0,0,0,0,0,0,0,0,0,0,0,0,0,0,0,0,0,0,0,0,0,0,0,0,0,0,0,0,0,0,0,0,0,0,0,0,0,0,0,0,0,0,0,0,0,0,0,0,0,0,0,0,0,0,0,0,0,0,0,0,0,0,0,0,0,0,0,0,0,0,0,0,0,0,0,0,0,0,0,0,0,0,0,0,0,0,0,0,0,0,0,0,0,0,0,0,0,0,0,0,0,0,0,0,0,0,0,0,0,0,0,0,0,0,0,0,0,0,0,0,0,0,0,16,32,33,32,33,32,33,,,,,
33,32,33,32,33,32,9,0,0,0,0,0,0,0,0,0,0,0,0,0,0,0,0,0,0,0,0,0,0,0,0,0,0,0,0,0,0,0,0,0,0,0,0,0,0,0,0,0,0,0,0,0,0,0,0,0,0,0,0,0,0,0,0,0,0,0,0,0,0,0,0,0,0,0,0,0,0,0,0,0,0,0,0,0,0,0,0,0,0,0,0,0,0,0,0,0,0,0,0,0,0,0,0,0,0,0,0,0,0,0,0,0,0,0,0,0,0,0,0,0,0,0,0,0,0,0,0,0,0,0,0,0,0,0,0,0,0,0,0,0,0,0,0,0,0,0,0,0,0,0,0,0,0,0,0,0,0,0,0,0,0,0,0,0,0,0,0,0,0,0,0,0,0,0,0,0,0,0,0,0,0,0,0,0,0,0,0,0,0,0,0,0,0,8,33,32,33,32,33,32,,,,,
32,33,32,33,32,33,17,0,0,0,0,0,0,0,0,0,0,0,0,0,0,0,0,0,0,0,0,0,0,0,0,0,0,0,0,0,0,0,0,0,0,0,0,0,0,0,0,0,0,0,0,0,0,0,0,0,0,0,0,0,0,0,0,0,0,0,0,0,0,0,0,0,0,0,0,0,0,0,0,0,0,0,0,0,0,0,0,0,0,0,0,0,0,0,0,0,0,0,0,0,0,0,0,0,0,0,0,0,0,0,0,0,0,0,0,0,0,0,0,0,0,0,0,0,0,0,0,0,0,0,0,0,0,0,0,0,0,0,0,0,0,0,0,0,0,0,0,0,0,0,0,0,0,0,0,0,0,0,0,0,0,0,0,0,0,0,0,0,0,0,0,0,0,0,0,0,0,0,0,0,0,0,0,0,0,0,0,0,0,0,0,0,0,16,32,33,32,33,32,33,,,,,
33,32,33,32,33,32,9,0,0,0,0,0,0,0,0,0,0,0,0,0,0,0,0,0,0,0,0,0,0,0,0,0,0,0,0,0,0,0,0,0,0,0,0,0,0,0,0,0,0,0,0,0,0,0,0,0,0,0,0,0,0,0,0,0,0,0,0,0,0,0,0,0,0,0,0,0,0,0,0,0,0,0,0,0,0,0,0,0,0,0,0,0,0,0,0,0,0,0,0,0,0,0,0,0,0,0,0,0,0,0,0,0,0,0,0,0,0,0,0,0,0,0,0,0,0,0,0,0,0,0,0,0,0,0,0,0,0,0,0,0,0,0,0,0,0,0,0,0,0,0,0,0,0,0,0,0,0,0,0,0,0,0,0,0,0,0,0,0,0,0,0,0,0,0,0,0,0,0,0,0,0,0,0,0,0,0,0,0,0,0,0,0,0,8,33,32,33,32,33,32,,,,,
32,33,32,33,32,33,17,0,0,0,0,0,0,0,0,0,0,0,0,0,0,0,0,0,0,0,0,0,0,0,0,0,0,0,0,0,0,0,0,0,0,0,0,0,0,0,0,0,0,0,0,0,0,0,0,0,0,0,0,0,0,0,0,0,0,0,0,0,0,0,0,0,0,0,0,0,0,0,0,0,0,0,0,0,0,0,0,0,0,0,0,0,0,0,0,0,0,0,0,0,0,0,0,0,0,0,0,0,0,0,0,0,0,0,0,0,0,0,0,0,0,0,0,0,0,0,0,0,0,0,0,0,0,0,0,0,0,0,0,0,0,0,0,0,0,0,0,0,0,0,0,0,0,0,0,0,0,0,0,0,0,0,0,0,0,0,0,0,0,0,0,0,0,0,0,0,0,0,0,0,0,0,0,0,0,0,0,0,0,0,0,0,0,16,32,33,32,33,32,33,,,,,
33,32,33,32,33,32,9,0,0,0,0,0,0,0,0,0,0,0,0,0,0,0,0,0,0,0,0,0,0,0,0,0,0,0,0,0,0,0,0,0,0,0,0,0,0,0,0,0,0,0,0,0,0,0,0,0,0,0,0,0,0,0,0,0,0,0,0,0,0,0,0,0,0,0,0,0,0,0,0,0,0,0,0,0,0,0,0,0,0,0,0,0,0,0,0,0,0,0,0,0,0,0,0,0,0,0,0,0,0,0,0,0,0,0,0,0,0,0,0,0,0,0,0,0,0,0,0,0,0,0,0,0,0,0,0,0,0,0,0,0,0,0,0,0,0,0,0,0,0,0,0,0,0,0,0,0,0,0,0,0,0,0,0,0,0,0,0,0,0,0,0,0,0,0,0,0,0,0,0,0,0,0,0,0,0,0,0,0,0,0,0,0,0,8,33,32,33,32,33,32,,,,,
32,33,32,33,32,33,17,0,0,0,0,0,0,0,0,0,0,0,0,0,0,0,0,0,0,0,0,0,0,0,0,0,0,0,0,0,0,0,0,0,0,0,0,0,0,0,0,0,0,0,0,0,0,0,0,0,0,0,0,0,0,0,0,0,0,0,0,0,0,0,0,0,0,0,0,0,0,0,0,0,0,0,0,0,0,0,0,0,0,0,0,0,0,0,0,0,0,0,0,0,0,0,0,0,0,0,0,0,0,0,0,0,0,0,0,0,0,0,0,0,0,0,0,0,0,0,0,0,0,0,0,0,0,0,0,0,0,0,0,0,0,0,0,0,0,0,0,0,0,0,0,0,0,0,0,0,0,0,0,0,0,0,0,0,0,0,0,0,0,0,0,0,0,0,0,0,0,0,0,0,0,0,0,0,0,0,0,0,0,0,0,0,0,16,32,33,32,33,32,33,,,,,
33,32,33,32,33,32,9,0,0,0,0,0,0,0,0,0,0,0,0,0,0,0,0,0,0,0,0,0,0,0,0,0,0,0,0,0,0,0,0,0,0,0,0,0,0,0,0,0,0,0,0,0,0,0,0,0,0,0,0,0,0,0,0,0,0,0,0,0,0,0,0,0,0,0,0,0,0,0,0,0,0,0,0,0,0,0,0,0,0,0,0,0,0,0,0,0,0,0,0,0,0,0,0,0,0,0,0,0,0,0,0,0,0,0,0,0,0,0,0,0,0,0,0,0,0,0,0,0,0,0,0,0,0,0,0,0,0,0,0,0,0,0,0,0,0,0,0,0,0,0,0,0,0,0,0,0,0,0,0,0,0,0,0,0,0,0,0,0,0,0,0,0,0,0,0,0,0,0,0,0,0,0,0,0,0,0,0,0,0,0,0,0,0,8,33,32,33,32,33,32,,,,,
32,33,32,33,32,33,17,0,0,0,0,0,0,0,0,0,0,0,0,0,0,0,0,0,0,0,0,0,0,0,0,0,0,0,0,0,0,0,0,0,0,0,0,0,0,0,0,0,0,0,0,0,0,0,0,0,0,0,0,0,0,0,0,0,0,0,0,0,0,0,0,0,0,0,0,0,0,0,0,0,0,0,0,0,0,0,0,0,0,0,0,0,0,0,0,0,0,0,0,0,0,0,0,0,0,0,0,0,0,0,0,0,0,0,0,0,0,0,0,0,0,0,0,0,0,0,0,0,0,0,0,0,0,0,0,0,0,0,0,0,0,0,0,0,0,0,0,0,0,0,0,0,0,0,0,0,0,0,0,0,0,0,0,0,0,0,0,0,0,0,0,0,0,0,0,0,0,0,0,0,0,0,0,0,0,0,0,0,0,0,0,0,0,16,32,33,32,33,32,33,,,,,
33,32,33,32,33,32,9,0,0,0,0,0,0,0,0,0,0,0,0,0,0,0,0,0,0,0,0,0,0,0,0,0,0,0,0,0,0,0,0,0,0,0,0,0,0,0,0,0,0,0,0,0,0,0,0,0,0,0,0,0,0,0,0,0,0,0,0,0,0,0,0,0,0,0,0,0,0,0,0,0,0,0,0,0,0,0,0,0,0,0,0,0,0,0,0,0,0,0,0,0,0,0,0,0,0,0,0,0,0,0,0,0,0,0,0,0,0,0,0,0,0,0,0,0,0,0,0,0,0,0,0,0,0,0,0,0,0,0,0,0,0,0,0,0,0,0,0,0,0,0,0,0,0,0,0,0,0,0,0,0,0,0,0,0,0,0,0,0,0,0,0,0,0,0,0,0,0,0,0,0,0,0,0,0,0,0,0,0,0,0,0,0,0,8,33,32,33,32,33,32,,,,,
32,33,32,33,32,33,17,0,0,0,0,0,0,0,0,0,0,0,0,0,0,0,0,0,0,0,0,0,0,0,0,0,0,0,0,0,0,0,0,0,0,0,0,0,0,0,0,0,0,0,0,0,0,0,0,0,0,0,0,0,0,0,0,0,0,0,0,0,0,0,0,0,0,0,0,0,0,0,0,0,0,0,0,0,0,0,0,0,0,0,0,0,0,0,0,0,0,0,0,0,0,0,0,0,0,0,0,0,0,0,0,0,0,0,0,0,0,0,0,0,0,0,0,0,0,0,0,0,0,0,0,0,0,0,0,0,0,0,0,0,0,0,0,0,0,0,0,0,0,0,0,0,0,0,0,0,0,0,0,0,0,0,0,0,0,0,0,0,0,0,0,0,0,0,0,0,0,0,0,0,0,0,0,0,0,0,0,0,0,0,0,0,0,16,32,33,32,33,32,33,,,,,
33,32,33,32,33,32,9,0,0,0,0,0,0,0,0,0,0,0,0,0,0,0,0,0,0,0,0,0,0,0,0,0,0,0,0,0,0,0,0,0,0,0,0,0,0,0,0,0,0,0,0,0,0,0,0,0,0,0,0,0,0,0,0,0,0,0,0,0,0,0,0,0,0,0,0,0,0,0,0,0,0,0,0,0,0,0,0,0,0,0,0,0,0,0,0,0,0,0,0,0,0,0,0,0,0,0,0,0,0,0,0,0,0,0,0,0,0,0,0,0,0,0,0,0,0,0,0,0,0,0,0,0,0,0,0,0,0,0,0,0,0,0,0,0,0,0,0,0,0,0,0,0,0,0,0,0,0,0,0,0,0,0,0,0,0,0,0,0,0,0,0,0,0,0,0,0,0,0,0,0,0,0,0,0,0,0,0,0,0,0,0,0,0,8,33,32,33,32,33,32,,,,,
32,33,32,33,32,33,17,0,0,0,0,0,0,0,0,0,0,0,0,0,0,0,0,0,0,0,0,0,0,0,0,0,0,0,0,0,0,0,0,0,0,0,0,0,0,0,0,0,0,0,0,0,0,0,0,0,0,0,0,0,0,0,0,0,0,0,0,0,0,0,0,0,0,0,0,0,0,0,0,0,0,0,0,0,0,0,0,0,0,0,0,0,0,0,0,0,0,0,0,0,0,0,0,0,0,0,0,0,0,0,0,0,0,0,0,0,0,0,0,0,0,0,0,0,0,0,0,0,0,0,0,0,0,0,0,0,0,0,0,0,0,0,0,0,0,0,0,0,0,0,0,0,0,0,0,0,0,0,0,0,0,0,0,0,0,0,0,0,0,0,0,0,0,0,0,0,0,0,0,0,0,0,0,0,0,0,0,0,0,0,0,0,0,16,32,33,32,33,32,33,,,,,
33,32,33,32,33,32,9,0,0,0,0,0,0,0,0,0,0,0,0,0,0,0,0,0,0,0,0,0,0,0,0,0,0,0,0,0,0,0,0,0,0,0,0,0,0,0,0,0,0,0,0,0,0,0,0,0,0,0,0,0,0,0,0,0,0,0,0,0,0,0,0,0,0,0,0,0,0,0,0,0,0,0,0,0,0,0,0,0,0,0,0,0,0,0,0,0,0,0,0,0,0,0,0,0,0,0,0,0,0,0,0,0,0,0,0,0,0,0,0,0,0,0,0,0,0,0,0,0,0,0,0,0,0,0,0,0,0,0,0,0,0,0,0,0,0,0,0,0,0,0,0,0,0,0,0,0,0,0,0,0,0,0,0,0,0,0,0,0,0,0,0,0,0,0,0,0,0,0,0,0,0,0,0,0,0,0,0,0,0,0,0,0,0,8,33,32,33,32,33,32,,,,,
32,33,32,33,32,33,17,0,0,0,0,0,0,0,0,0,0,0,0,0,0,0,0,0,0,0,0,0,0,0,0,0,0,0,0,0,0,0,0,0,0,0,0,0,0,0,0,0,0,0,0,0,0,0,0,0,0,0,0,0,0,0,0,0,0,0,0,0,0,0,0,0,0,0,0,0,0,0,0,0,0,0,0,0,0,0,0,0,0,0,0,0,0,0,0,0,0,0,0,0,0,0,0,0,0,0,0,0,0,0,0,0,0,0,0,0,0,0,0,0,0,0,0,0,0,0,0,0,0,0,0,0,0,0,0,0,0,0,0,0,0,0,0,0,0,0,0,0,0,0,0,0,0,0,0,0,0,0,0,0,0,0,0,0,0,0,0,0,0,0,0,0,0,0,0,0,0,0,0,0,0,0,0,0,0,0,0,0,0,0,0,0,0,16,32,33,32,33,32,33,,,,,
33,32,33,32,33,32,9,0,0,0,0,0,0,0,0,0,0,0,0,0,0,0,0,0,0,0,0,0,0,0,0,0,0,0,0,0,0,0,0,0,0,0,0,0,0,0,0,0,0,0,0,0,0,0,0,0,0,0,0,0,0,0,0,0,0,0,0,0,0,0,0,0,0,0,0,0,0,0,0,0,0,0,0,0,0,0,0,0,0,0,0,0,0,0,0,0,0,0,0,0,0,0,0,0,0,0,0,0,0,0,0,0,0,0,0,0,0,0,0,0,0,0,0,0,0,0,0,0,0,0,0,0,0,0,0,0,0,0,0,0,0,0,0,0,0,0,0,0,0,0,0,0,0,0,0,0,0,0,0,0,0,0,0,0,0,0,0,0,0,0,0,0,0,0,0,0,0,0,0,0,0,0,0,0,0,0,0,0,0,0,0,0,0,8,33,32,33,32,33,32,,,,,
32,33,32,33,32,33,17,0,0,0,0,0,0,0,0,0,0,0,0,0,0,0,0,0,0,0,0,0,0,0,0,0,0,0,0,0,0,0,0,0,0,0,0,0,0,0,0,0,0,0,0,0,0,0,0,0,0,0,0,0,0,0,0,0,0,0,0,0,0,0,0,0,0,0,0,0,0,0,0,0,0,0,0,0,0,0,0,0,0,0,0,0,0,0,0,0,0,0,0,0,0,0,0,0,0,0,0,0,0,0,0,0,0,0,0,0,0,0,0,0,0,0,0,0,0,0,0,0,0,0,0,0,0,0,0,0,0,0,0,0,0,0,0,0,0,0,0,0,0,0,0,0,0,0,0,0,0,0,0,0,0,0,0,0,0,0,0,0,0,0,0,0,0,0,0,0,0,0,0,0,0,0,0,0,0,0,0,0,0,0,0,0,0,16,32,33,32,33,32,33,,,,,
33,32,33,32,33,32,9,0,0,0,0,0,0,0,0,0,0,0,0,0,0,0,0,0,0,0,0,0,0,0,0,0,0,0,0,0,0,0,0,0,0,0,0,0,0,0,0,0,0,0,0,0,0,0,0,0,0,0,0,0,0,0,0,0,0,0,0,0,0,0,0,0,0,0,0,0,0,0,0,0,0,0,0,0,0,0,0,0,0,0,0,0,0,0,0,0,0,0,0,0,0,0,0,0,0,0,0,0,0,0,0,0,0,0,0,0,0,0,0,0,0,0,0,0,0,0,0,0,0,0,0,0,0,0,0,0,0,0,0,0,0,0,0,0,0,0,0,0,0,0,0,0,0,0,0,0,0,0,0,0,0,0,0,0,0,0,0,0,0,0,0,0,0,0,0,0,0,0,0,0,0,0,0,0,0,0,0,0,0,0,0,0,0,8,33,32,33,32,33,32,,,,,
32,33,32,33,32,33,17,0,0,0,0,0,0,0,0,0,0,0,0,0,0,0,0,0,0,0,0,0,0,0,0,0,0,0,0,0,0,0,0,0,0,0,0,0,0,0,0,0,0,0,0,0,0,0,0,0,0,0,0,0,0,0,0,0,0,0,0,0,0,0,0,0,0,0,0,0,0,0,0,0,0,0,0,0,0,0,0,0,0,0,0,0,0,0,0,0,0,0,0,0,0,0,0,0,0,0,0,0,0,0,0,0,0,0,0,0,0,0,0,0,0,0,0,0,0,0,0,0,0,0,0,0,0,0,0,0,0,0,0,0,0,0,0,0,0,0,0,0,0,0,0,0,0,0,0,0,0,0,0,0,0,0,0,0,0,0,0,0,0,0,0,0,0,0,0,0,0,0,0,0,0,0,0,0,0,0,0,0,0,0,0,0,0,16,32,33,32,33,32,33,,,,,
33,32,33,32,33,32,9,0,0,0,0,0,0,0,0,0,0,0,0,0,0,0,0,0,0,0,0,0,0,0,0,0,0,0,0,0,0,0,0,0,0,0,0,0,0,0,0,0,0,0,0,0,0,0,0,0,0,0,0,0,0,0,0,0,0,0,0,0,0,0,0,0,0,0,0,0,0,0,0,0,0,0,0,0,0,0,0,0,0,0,0,0,0,0,0,0,0,0,0,0,0,0,0,0,0,0,0,0,0,0,0,0,0,0,0,0,0,0,0,0,0,0,0,0,0,0,0,0,0,0,0,0,0,0,0,0,0,0,0,0,0,0,0,0,0,0,0,0,0,0,0,0,0,0,0,0,0,0,0,0,0,0,0,0,0,0,0,0,0,0,0,0,0,0,0,0,0,0,0,0,0,0,0,0,0,0,0,0,0,0,0,0,0,8,33,32,33,32,33,32,,,,,
32,33,32,33,32,33,17,0,0,0,0,0,0,0,0,0,0,0,0,0,0,0,0,0,0,0,0,0,0,0,0,0,0,0,0,0,0,0,0,0,0,0,0,0,0,0,0,0,0,0,0,0,0,0,0,0,0,0,0,0,0,0,0,0,0,0,0,0,0,0,0,0,0,0,0,0,0,0,0,0,0,0,0,0,0,0,0,0,0,0,0,0,0,0,0,0,0,0,0,0,0,0,0,0,0,0,0,0,0,0,0,0,0,0,0,0,0,0,0,0,0,0,0,0,0,0,0,0,0,0,0,0,0,0,0,0,0,0,0,0,0,0,0,0,0,0,0,0,0,0,0,0,0,0,0,0,0,0,0,0,0,0,0,0,0,0,0,0,0,0,0,0,0,0,0,0,0,0,0,0,0,0,0,0,0,0,0,0,0,0,0,0,0,16,32,33,32,33,32,33,,,,,
33,32,33,32,33,32,9,0,0,0,0,0,0,0,0,0,0,0,0,0,0,0,0,0,0,0,0,0,0,0,0,0,0,0,0,0,0,0,0,0,0,0,0,0,0,0,0,0,0,0,0,0,0,0,0,0,0,0,0,0,0,0,0,0,0,0,0,0,0,0,0,0,0,0,0,0,0,0,0,0,0,0,0,0,0,0,0,0,0,0,0,0,0,0,0,0,0,0,0,0,0,0,0,0,0,0,0,0,0,0,0,0,0,0,0,0,0,0,0,0,0,0,0,0,0,0,0,0,0,0,0,0,0,0,0,0,0,0,0,0,0,0,0,0,0,0,0,0,0,0,0,0,0,0,0,0,0,0,0,0,0,0,0,0,0,0,0,0,0,0,0,0,0,0,0,0,0,0,0,0,0,0,0,0,0,0,0,0,0,0,0,0,0,8,33,32,33,32,33,32,,,,,
32,33,32,33,32,33,17,0,0,0,0,0,0,0,0,0,0,0,0,0,0,0,0,0,0,0,0,0,0,0,0,0,0,0,0,0,0,0,0,0,0,0,0,0,0,0,0,0,0,0,0,0,0,0,0,0,0,0,0,0,0,0,0,0,0,0,0,0,0,0,0,0,0,0,0,0,0,0,0,0,0,0,0,0,0,0,0,0,0,0,0,0,0,0,0,0,0,0,0,0,0,0,0,0,0,0,0,0,0,0,0,0,0,0,0,0,0,0,0,0,0,0,0,0,0,0,0,0,0,0,0,0,0,0,0,0,0,0,0,0,0,0,0,0,0,0,0,0,0,0,0,0,0,0,0,0,0,0,0,0,0,0,0,0,0,0,0,0,0,0,0,0,0,0,0,0,0,0,0,0,0,0,0,0,0,0,0,0,0,0,0,0,0,16,32,33,32,33,32,33,,,,,
33,32,33,32,33,32,9,0,0,0,0,0,0,0,0,0,0,0,0,0,0,0,0,0,0,0,0,0,0,0,0,0,0,0,0,0,0,0,0,0,0,0,0,0,0,0,0,0,0,0,0,0,0,0,0,0,0,0,0,0,0,0,0,0,0,0,0,0,0,0,0,0,0,0,0,0,0,0,0,0,0,0,0,0,0,0,0,0,0,0,0,0,0,0,0,0,0,0,0,0,0,0,0,0,0,0,0,0,0,0,0,0,0,0,0,0,0,0,0,0,0,0,0,0,0,0,0,0,0,0,0,0,0,0,0,0,0,0,0,0,0,0,0,0,0,0,0,0,0,0,0,0,0,0,0,0,0,0,0,0,0,0,0,0,0,0,0,0,0,0,0,0,0,0,0,0,0,0,0,0,0,0,0,0,0,0,0,0,0,0,0,0,0,8,33,32,33,32,33,32,,,,,
32,33,32,33,32,33,17,0,0,0,0,0,0,0,0,0,0,0,0,0,0,0,0,0,0,0,0,0,0,0,0,0,0,0,0,0,0,0,0,0,0,0,0,0,0,0,0,0,0,0,0,0,0,0,0,0,0,0,0,0,0,0,0,0,0,0,0,0,0,0,0,0,0,0,0,0,0,0,0,0,0,0,0,0,0,0,0,0,0,0,0,0,0,0,0,0,0,0,0,0,0,0,0,0,0,0,0,0,0,0,0,0,0,0,0,0,0,0,0,0,0,0,0,0,0,0,0,0,0,0,0,0,0,0,0,0,0,0,0,0,0,0,0,0,0,0,0,0,0,0,0,0,0,0,0,0,0,0,0,0,0,0,0,0,0,0,0,0,0,0,0,0,0,0,0,0,0,0,0,0,0,0,0,0,0,0,0,0,0,0,0,0,0,16,32,33,32,33,32,33,,,,,
33,32,33,32,33,32,9,0,0,0,0,0,0,0,0,0,0,0,0,0,0,0,0,0,0,0,0,0,0,0,0,0,0,0,0,0,0,0,0,0,0,0,0,0,0,0,0,0,0,0,0,0,0,0,0,0,0,0,0,0,0,0,0,0,0,0,0,0,0,0,0,0,0,0,0,0,0,0,0,0,0,0,0,0,0,0,0,0,0,0,0,0,0,0,0,0,0,0,0,0,0,0,0,0,0,0,0,0,0,0,0,0,0,0,0,0,0,0,0,0,0,0,0,0,0,0,0,0,0,0,0,0,0,0,0,0,0,0,0,0,0,0,0,0,0,0,0,0,0,0,0,0,0,0,0,0,0,0,0,0,0,0,0,0,0,0,0,0,0,0,0,0,0,0,0,0,0,0,0,0,0,0,0,0,0,0,0,0,0,0,0,0,0,8,33,32,33,32,33,32,,,,,
32,33,32,33,32,33,17,0,0,0,0,0,0,0,0,0,0,0,0,0,0,0,0,0,0,0,0,0,0,0,0,0,0,0,0,0,0,0,0,0,0,0,0,0,0,0,0,0,0,0,0,0,0,0,0,0,0,0,0,0,0,0,0,0,0,0,0,0,0,0,0,0,0,0,0,0,0,0,0,0,0,0,0,0,0,0,0,0,0,0,0,0,0,0,0,0,0,0,0,0,0,0,0,0,0,0,0,0,0,0,0,0,0,0,0,0,0,0,0,0,0,0,0,0,0,0,0,0,0,0,0,0,0,0,0,0,0,0,0,0,0,0,0,0,0,0,0,0,0,0,0,0,0,0,0,0,0,0,0,0,0,0,0,0,0,0,0,0,0,0,0,0,0,0,0,0,0,0,0,0,0,0,0,0,0,0,0,0,0,0,0,0,0,16,32,33,32,33,32,33,,,,,
33,32,33,32,33,32,9,0,0,0,0,0,0,0,0,0,0,0,0,0,0,0,0,0,0,0,0,0,0,0,0,0,0,0,0,0,0,0,0,0,0,0,0,0,0,0,0,0,0,0,0,0,0,0,0,0,0,0,0,0,0,0,0,0,0,0,0,0,0,0,0,0,0,0,0,0,0,0,0,0,0,0,0,0,0,0,0,0,0,0,0,0,0,0,0,0,0,0,0,0,0,0,0,0,0,0,0,0,0,0,0,0,0,0,0,0,0,0,0,0,0,0,0,0,0,0,0,0,0,0,0,0,0,0,0,0,0,0,0,0,0,0,0,0,0,0,0,0,0,0,0,0,0,0,0,0,0,0,0,0,0,0,0,0,0,0,0,0,0,0,0,0,0,0,0,0,0,0,0,0,0,0,0,0,0,0,0,0,0,0,0,0,0,8,33,32,33,32,33,32,,,,,
32,33,32,33,32,33,17,0,0,0,0,0,0,0,0,0,0,0,0,0,0,0,0,0,0,0,0,0,0,0,0,0,0,0,0,0,0,0,0,0,0,0,0,0,0,0,0,0,0,0,0,0,0,0,0,0,0,0,0,0,0,0,0,0,0,0,0,0,0,0,0,0,0,0,0,0,0,0,0,0,0,0,0,0,0,0,0,0,0,0,0,0,0,0,0,0,0,0,0,0,0,0,0,0,0,0,0,0,0,0,0,0,0,0,0,0,0,0,0,0,0,0,0,0,0,0,0,0,0,0,0,0,0,0,0,0,0,0,0,0,0,0,0,0,0,0,0,0,0,0,0,0,0,0,0,0,0,0,0,0,0,0,0,0,0,0,0,0,0,0,0,0,0,0,0,0,0,0,0,0,0,0,0,0,0,0,0,0,0,0,0,0,0,16,32,33,32,33,32,33,,,,,
33,32,33,32,33,32,9,0,0,0,0,0,0,0,0,0,0,0,0,0,0,0,0,0,0,0,0,0,0,0,0,0,0,0,0,0,0,0,0,0,0,0,0,0,0,0,0,0,0,0,0,0,0,0,0,0,0,0,0,0,0,0,0,0,0,0,0,0,0,0,0,0,0,0,0,0,0,0,0,0,0,0,0,0,0,0,0,0,0,0,0,0,0,0,0,0,0,0,0,0,0,0,0,0,0,0,0,0,0,0,0,0,0,0,0,0,0,0,0,0,0,0,0,0,0,0,0,0,0,0,0,0,0,0,0,0,0,0,0,0,0,0,0,0,0,0,0,0,0,0,0,0,0,0,0,0,0,0,0,0,0,0,0,0,0,0,0,0,0,0,0,0,0,0,0,0,0,0,0,0,0,0,0,0,0,0,0,0,0,0,0,0,0,8,33,32,33,32,33,32,,,,,
32,33,32,33,32,33,17,0,0,0,0,0,0,0,0,0,0,0,0,0,0,0,0,0,0,0,0,0,0,0,0,0,0,0,0,0,0,0,0,0,0,0,0,0,0,0,0,0,0,0,0,0,0,0,0,0,0,0,0,0,0,0,0,0,0,0,0,0,0,0,0,0,0,0,0,0,0,0,0,0,0,0,0,0,0,0,0,0,0,0,0,0,0,0,0,0,0,0,0,0,0,0,0,0,0,0,0,0,0,0,0,0,0,0,0,0,0,0,0,0,0,0,0,0,0,0,0,0,0,0,0,0,0,0,0,0,0,0,0,0,0,0,0,0,0,0,0,0,0,0,0,0,0,0,0,0,0,0,0,0,0,0,0,0,0,0,0,0,0,0,0,0,0,0,0,0,0,0,0,0,0,0,0,0,0,0,0,0,0,0,0,0,0,16,32,33,32,33,32,33,,,,,
33,32,33,32,33,32,9,0,0,0,0,0,0,0,0,0,0,0,0,0,0,0,0,0,0,0,0,0,0,0,0,0,0,0,0,0,0,0,0,0,0,0,0,0,0,0,0,0,0,0,0,0,0,0,0,0,0,0,0,0,0,0,0,0,0,0,0,0,0,0,0,0,0,0,0,0,0,0,0,0,0,0,0,0,0,0,0,0,0,0,0,0,0,0,0,0,0,0,0,0,0,0,0,0,0,0,0,0,0,0,0,0,0,0,0,0,0,0,0,0,0,0,0,0,0,0,0,0,0,0,0,0,0,0,0,0,0,0,0,0,0,0,0,0,0,0,0,0,0,0,0,0,0,0,0,0,0,0,0,0,0,0,0,0,0,0,0,0,0,0,0,0,0,0,0,0,0,0,0,0,0,0,0,0,0,0,0,0,0,0,0,0,0,8,33,32,33,32,33,32,,,,,
32,33,32,33,32,33,17,0,0,0,0,0,0,0,0,0,0,0,0,0,0,0,0,0,0,0,0,0,0,0,0,0,0,0,0,0,0,0,0,0,0,0,0,0,0,0,0,0,0,0,0,0,0,0,0,0,0,0,0,0,0,0,0,0,0,0,0,0,0,0,0,0,0,0,0,0,0,0,0,0,0,0,0,0,0,0,0,0,0,0,0,0,0,0,0,0,0,0,0,0,0,0,0,0,0,0,0,0,0,0,0,0,0,0,0,0,0,0,0,0,0,0,0,0,0,0,0,0,0,0,0,0,0,0,0,0,0,0,0,0,0,0,0,0,0,0,0,0,0,0,0,0,0,0,0,0,0,0,0,0,0,0,0,0,0,0,0,0,0,0,0,0,0,0,0,0,0,0,0,0,0,0,0,0,0,0,0,0,0,0,0,0,0,16,32,33,32,33,32,33,,,,,
33,32,33,32,33,32,9,0,0,0,0,0,0,0,0,0,0,0,0,0,0,0,0,0,0,0,0,0,0,0,0,0,0,0,0,0,0,0,0,0,0,0,0,0,0,0,0,0,0,0,0,0,0,0,0,0,0,0,0,0,0,0,0,0,0,0,0,0,0,0,0,0,0,0,0,0,0,0,0,0,0,0,0,0,0,0,0,0,0,0,0,0,0,0,0,0,0,0,0,0,0,0,0,0,0,0,0,0,0,0,0,0,0,0,0,0,0,0,0,0,0,0,0,0,0,0,0,0,0,0,0,0,0,0,0,0,0,0,0,0,0,0,0,0,0,0,0,0,0,0,0,0,0,0,0,0,0,0,0,0,0,0,0,0,0,0,0,0,0,0,0,0,0,0,0,0,0,0,0,0,0,0,0,0,0,0,0,0,0,0,0,0,0,8,33,32,33,32,33,32,,,,,
32,33,32,33,32,33,17,0,0,0,0,0,0,0,0,0,0,0,0,0,0,0,0,0,0,0,0,0,0,0,0,0,0,0,0,0,0,0,0,0,0,0,0,0,0,0,0,0,0,0,0,0,0,0,0,0,0,0,0,0,0,0,0,0,0,0,0,0,0,0,0,0,0,0,0,0,0,0,0,0,0,0,0,0,0,0,0,0,0,0,0,0,0,0,0,0,0,0,0,0,0,0,0,0,0,0,0,0,0,0,0,0,0,0,0,0,0,0,0,0,0,0,0,0,0,0,0,0,0,0,0,0,0,0,0,0,0,0,0,0,0,0,0,0,0,0,0,0,0,0,0,0,0,0,0,0,0,0,0,0,0,0,0,0,0,0,0,0,0,0,0,0,0,0,0,0,0,0,0,0,0,0,0,0,0,0,0,0,0,0,0,0,0,16,32,33,32,33,32,33,,,,,
33,32,33,32,33,32,9,0,0,0,0,0,0,0,0,0,0,0,0,0,0,0,0,0,0,0,0,0,0,0,0,0,0,0,0,0,0,0,0,0,0,0,0,0,0,0,0,0,0,0,0,0,0,0,0,0,0,0,0,0,0,0,0,0,0,0,0,0,0,0,0,0,0,0,0,0,0,0,0,0,0,0,0,0,0,0,0,0,0,0,0,0,0,0,0,0,0,0,0,0,0,0,0,0,0,0,0,0,0,0,0,0,0,0,0,0,0,0,0,0,0,0,0,0,0,0,0,0,0,0,0,0,0,0,0,0,0,0,0,0,0,0,0,0,0,0,0,0,0,0,0,0,0,0,0,0,0,0,0,0,0,0,0,0,0,0,0,0,0,0,0,0,0,0,0,0,0,0,0,0,0,0,0,0,0,0,0,0,0,0,0,0,0,8,33,32,33,32,33,32,,,,,
32,33,32,33,32,33,17,0,0,0,0,0,0,0,0,0,0,0,0,0,0,0,0,0,0,0,0,0,0,0,0,0,0,0,0,0,0,0,0,0,0,0,0,0,0,0,0,0,0,0,0,0,0,0,0,0,0,0,0,0,0,0,0,0,0,0,0,0,0,0,0,0,0,0,0,0,0,0,0,0,0,0,0,0,0,0,0,0,0,0,0,0,0,0,0,0,0,0,0,0,0,0,0,0,0,0,0,0,0,0,0,0,0,0,0,0,0,0,0,0,0,0,0,0,0,0,0,0,0,0,0,0,0,0,0,0,0,0,0,0,0,0,0,0,0,0,0,0,0,0,0,0,0,0,0,0,0,0,0,0,0,0,0,0,0,0,0,0,0,0,0,0,0,0,0,0,0,0,0,0,0,0,0,0,0,0,0,0,0,0,0,0,0,16,32,33,32,33,32,33,,,,,
33,32,33,32,33,32,9,8,9,8,9,8,9,8,9,8,9,8,9,8,9,8,9,8,9,8,9,8,9,8,9,8,9,8,9,8,9,8,9,8,9,8,9,8,9,8,9,8,9,8,9,8,9,8,9,8,9,8,9,8,9,8,9,8,9,8,9,8,9,8,9,8,9,8,9,8,9,8,9,8,9,8,9,8,9,8,9,8,9,8,9,8,9,8,9,8,9,8,9,8,9,8,9,8,9,8,9,8,9,8,9,8,9,8,9,8,9,8,9,8,9,8,9,8,9,8,9,8,9,8,9,8,9,8,9,8,9,8,9,8,9,8,9,8,9,8,9,8,9,8,9,8,9,8,9,8,9,8,9,8,9,8,9,8,9,8,9,8,9,8,9,8,9,8,9,8,9,8,9,8,9,8,9,8,9,8,9,8,9,8,9,8,9,8,33,32,33,32,33,32,,,,,
32,33,32,33,32,33,17,16,32,33,32,33,32,33,32,33,32,33,32,33,32,33,32,33,32,33,32,33,32,33,32,33,32,33,32,33,32,33,32,33,32,33,32,33,32,33,32,33,32,33,32,33,32,33,32,33,32,33,32,33,32,33,32,33,32,33,32,33,32,33,32,33,32,33,32,33,32,33,32,33,32,33,32,33,32,33,32,33,32,33,32,33,32,33,32,33,32,33,32,33,32,33,32,33,32,33,32,33,32,33,32,33,32,33,32,33,32,33,32,33,32,33,32,33,32,33,32,33,32,33,32,33,32,33,32,33,32,33,32,33,32,33,32,33,32,33,32,33,32,33,32,33,32,33,32,33,32,33,32,33,32,33,32,33,32,33,32,33,32,33,32,33,32,33,32,33,32,33,32,33,32,33,32,33,32,33,32,33,32,33,32,33,17,16,32,33,32,33,32,33,,,,,
33,32,33,32,33,32,9,8,33,32,33,32,33,32,33,32,33,32,33,32,33,32,33,32,33,32,33,32,33,32,33,32,33,32,33,32,33,32,33,32,33,32,33,32,33,32,33,32,33,32,33,32,33,32,33,32,33,32,33,32,33,32,33,32,33,32,33,32,33,32,33,32,33,32,33,32,33,32,33,32,33,32,33,32,33,32,33,32,33,32,33,32,33,32,33,32,33,32,33,32,33,32,33,32,33,32,33,32,33,32,33,32,33,32,33,32,33,32,33,32,33,32,33,32,33,32,33,32,33,32,33,32,33,32,33,32,33,32,33,32,33,32,33,32,33,32,33,32,33,32,33,32,33,32,33,32,33,32,33,32,33,32,33,32,33,32,33,32,33,32,33,32,33,32,33,32,33,32,33,32,33,32,33,32,33,32,33,32,33,32,33,32,9,8,33,32,33,32,33,32,,,,,
32,33,32,33,32,33,17,16,32,33,32,33,32,33,32,33,32,33,32,33,32,33,32,33,32,33,32,33,32,33,32,33,32,33,32,33,32,33,32,33,32,33,32,33,32,33,32,33,32,33,32,33,32,33,32,33,32,33,32,33,32,33,32,33,32,33,32,33,32,33,32,33,32,33,32,33,32,33,32,33,32,33,32,33,32,33,32,33,32,33,32,33,32,33,32,33,32,33,32,33,32,33,32,33,32,33,32,33,32,33,32,33,32,33,32,33,32,33,32,33,32,33,32,33,32,33,32,33,32,33,32,33,32,33,32,33,32,33,32,33,32,33,32,33,32,33,32,33,32,33,32,33,32,33,32,33,32,33,32,33,32,33,32,33,32,33,32,33,32,33,32,33,32,33,32,33,32,33,32,33,32,33,32,33,32,33,32,33,32,33,32,33,17,16,32,33,32,33,32,33,,,,,
33,32,33,32,33,32,9,8,33,32,33,32,33,32,33,32,33,32,33,32,33,32,33,32,33,32,33,32,33,32,33,32,33,32,33,32,33,32,33,32,33,32,33,32,33,32,33,32,33,32,33,32,33,32,33,32,33,32,33,32,33,32,33,32,33,32,33,32,33,32,33,32,33,32,33,32,33,32,33,32,33,32,33,32,33,32,33,32,33,32,33,32,33,32,33,32,33,32,33,32,33,32,33,32,33,32,33,32,33,32,33,32,33,32,33,32,33,32,33,32,33,32,33,32,33,32,33,32,33,32,33,32,33,32,33,32,33,32,33,32,33,32,33,32,33,32,33,32,33,32,33,32,33,32,33,32,33,32,33,32,33,32,33,32,33,32,33,32,33,32,33,32,33,32,33,32,33,32,33,32,33,32,33,32,33,32,33,32,33,32,33,32,9,8,33,32,33,32,33,32,,,,,
32,33,32,33,32,33,17,16,32,33,32,33,32,33,32,33,32,33,32,33,32,33,32,33,32,33,32,33,32,33,32,33,32,33,32,33,32,33,32,33,32,33,32,33,32,33,32,33,32,33,32,33,32,33,32,33,32,33,32,33,32,33,32,33,32,33,32,33,32,33,32,33,32,33,32,33,32,33,32,33,32,33,32,33,32,33,32,33,32,33,32,33,32,33,32,33,32,33,32,33,32,33,32,33,32,33,32,33,32,33,32,33,32,33,32,33,32,33,32,33,32,33,32,33,32,33,32,33,32,33,32,33,32,33,32,33,32,33,32,33,32,33,32,33,32,33,32,33,32,33,32,33,32,33,32,33,32,33,32,33,32,33,32,33,32,33,32,33,32,33,32,33,32,33,32,33,32,33,32,33,32,33,32,33,32,33,32,33,32,33,32,33,17,16,32,33,32,33,32,33,,,,,
33,32,33,32,33,32,9,8,33,32,33,32,33,32,33,32,33,32,33,32,33,32,33,32,33,32,33,32,33,32,33,32,33,32,33,32,33,32,33,32,33,32,33,32,33,32,33,32,33,32,33,32,33,32,33,32,33,32,33,32,33,32,33,32,33,32,33,32,33,32,33,32,33,32,33,32,33,32,33,32,33,32,33,32,33,32,33,32,33,32,33,32,33,32,33,32,33,32,33,32,33,32,33,32,33,32,33,32,33,32,33,32,33,32,33,32,33,32,33,32,33,32,33,32,33,32,33,32,33,32,33,32,33,32,33,32,33,32,33,32,33,32,33,32,33,32,33,32,33,32,33,32,33,32,33,32,33,32,33,32,33,32,33,32,33,32,33,32,33,32,33,32,33,32,33,32,33,32,33,32,33,32,33,32,33,32,33,32,33,32,33,32,9,8,33,32,33,32,33,32,,,,,
